TaskId,JobId,CategoryId,ParentTasks,ChildTasks,ComputeDuration
0,0,34,[],"[[2, 27], [6, 38]]",17
1,0,35,[],"[[3, 27], [9, 38]]",15
2,0,36,"[[0, 27]]","[[5, 38], [4, 38]]",12
3,0,36,"[[1, 27]]","[[8, 38], [7, 38]]",12
4,0,37,"[[2, 38]]","[[10, 8]]",45
5,0,38,"[[2, 38]]","[[11, 8]]",57
6,0,39,"[[0, 38]]","[[12, 8]]",48
7,0,37,"[[3, 38]]","[[13, 8]]",45
8,0,38,"[[3, 38]]","[[14, 8]]",57
9,0,39,"[[1, 38]]","[[15, 8]]",48
10,0,40,"[[4, 8]]",[],29
11,0,40,"[[5, 8]]",[],29
12,0,40,"[[6, 8]]",[],29
13,0,40,"[[7, 8]]",[],29
14,0,40,"[[8, 8]]",[],29
15,0,40,"[[9, 8]]",[],29
16,1,41,[],"[[21, 33]]",18
17,1,41,[],"[[22, 33]]",18
18,1,41,[],"[[23, 33]]",18
19,1,41,[],"[[24, 33]]",18
20,1,41,[],"[[25, 33]]",18
21,1,42,"[[16, 33]]","[[26, 34]]",33
22,1,42,"[[17, 33]]","[[26, 34]]",33
23,1,42,"[[18, 33]]","[[26, 34]]",33
24,1,42,"[[19, 33]]","[[26, 34]]",33
25,1,42,"[[20, 33]]","[[26, 34]]",33
26,1,43,"[[21, 34], [22, 34], [23, 34], [24, 34], [25, 34]]","[[31, 48], [30, 48], [29, 48], [28, 48], [27, 48]]",510
27,1,44,"[[26, 48]]","[[32, 36]]",52
28,1,44,"[[26, 48]]","[[33, 36]]",52
29,1,44,"[[26, 48]]","[[34, 36]]",52
30,1,44,"[[26, 48]]","[[35, 36]]",52
31,1,44,"[[26, 48]]","[[36, 36]]",52
32,1,42,"[[27, 36]]","[[37, 41]]",33
33,1,42,"[[28, 36]]","[[37, 41]]",33
34,1,42,"[[29, 36]]","[[37, 41]]",33
35,1,42,"[[30, 36]]","[[37, 41]]",33
36,1,42,"[[31, 36]]","[[37, 41]]",33
37,1,43,"[[32, 41], [33, 41], [34, 41], [35, 41], [36, 41]]",[],600
38,2,41,[],"[[43, 25]]",18
39,2,41,[],"[[44, 25]]",18
40,2,41,[],"[[45, 25]]",18
41,2,41,[],"[[46, 25]]",18
42,2,41,[],"[[47, 25]]",18
43,2,42,"[[38, 25]]","[[48, 10]]",22
44,2,42,"[[39, 25]]","[[48, 10]]",22
45,2,42,"[[40, 25]]","[[48, 10]]",22
46,2,42,"[[41, 25]]","[[48, 10]]",22
47,2,42,"[[42, 25]]","[[48, 10]]",22
48,2,43,"[[43, 10], [44, 10], [45, 10], [46, 10], [47, 10]]","[[53, 6], [52, 6], [51, 6], [50, 6], [49, 6]]",150
49,2,44,"[[48, 6]]","[[54, 2]]",13
50,2,44,"[[48, 6]]","[[55, 2]]",13
51,2,44,"[[48, 6]]","[[56, 2]]",13
52,2,44,"[[48, 6]]","[[57, 2]]",13
53,2,44,"[[48, 6]]","[[58, 2]]",13
54,2,42,"[[49, 2]]","[[59, 5]]",11
55,2,42,"[[50, 2]]","[[59, 5]]",11
56,2,42,"[[51, 2]]","[[59, 5]]",11
57,2,42,"[[52, 2]]","[[59, 5]]",11
58,2,42,"[[53, 2]]","[[59, 5]]",11
59,2,43,"[[54, 5], [55, 5], [56, 5], [57, 5], [58, 5]]",[],60
60,3,2,[],"[[63, 6], [64, 6], [65, 6], [66, 6]]",19
61,3,2,[],"[[63, 3], [64, 3], [65, 3], [66, 3]]",19
62,3,2,[],"[[63, 11], [64, 11], [65, 11], [66, 11]]",19
63,3,5,"[[60, 6], [61, 3], [62, 11]]","[[67, 4]]",36
64,3,5,"[[60, 6], [61, 3], [62, 11]]","[[67, 4]]",36
65,3,5,"[[60, 6], [61, 3], [62, 11]]","[[67, 4]]",36
66,3,5,"[[60, 6], [61, 3], [62, 11]]","[[67, 4]]",36
67,3,3,"[[63, 4], [64, 4], [65, 4], [66, 4]]","[[68, 10]]",27
68,3,1,"[[67, 10]]","[[69, 47], [70, 47]]",14
69,3,0,"[[68, 47]]","[[71, 38], [72, 38], [73, 38], [74, 38]]",84
70,3,0,"[[68, 47]]","[[71, 39], [72, 39], [73, 39], [74, 39]]",84
71,3,8,"[[69, 38], [70, 39]]","[[75, 22]]",175
72,3,8,"[[69, 38], [70, 39]]","[[75, 22]]",175
73,3,8,"[[69, 38], [70, 39]]","[[75, 22]]",175
74,3,8,"[[69, 38], [70, 39]]","[[75, 22]]",175
75,3,3,"[[71, 22], [72, 22], [73, 22], [74, 22]]",[],216
76,4,29,[],"[[81, 14], [80, 14], [79, 14], [78, 14]]",21
77,4,29,[],"[[85, 14], [84, 14], [83, 14], [82, 14]]",21
78,4,30,"[[76, 14]]","[[86, 18], [87, 44]]",22
79,4,30,"[[76, 14]]","[[86, 18], [88, 44]]",22
80,4,30,"[[76, 14]]","[[86, 18], [89, 44]]",22
81,4,30,"[[76, 14]]","[[86, 18], [90, 44]]",22
82,4,30,"[[77, 14]]","[[86, 18], [91, 44]]",22
83,4,30,"[[77, 14]]","[[86, 18], [92, 44]]",22
84,4,30,"[[77, 14]]","[[86, 18], [93, 44]]",22
85,4,30,"[[77, 14]]","[[86, 18], [94, 44]]",22
86,4,31,"[[78, 18], [79, 18], [80, 18], [81, 18], [82, 18], [83, 18], [84, 18], [85, 18]]","[[95, 23]]",98
87,4,32,"[[78, 44]]","[[95, 23]]",72
88,4,32,"[[79, 44]]","[[95, 23]]",72
89,4,32,"[[80, 44]]","[[95, 23]]",72
90,4,32,"[[81, 44]]","[[95, 23]]",72
91,4,32,"[[82, 44]]","[[95, 23]]",72
92,4,32,"[[83, 44]]","[[95, 23]]",72
93,4,32,"[[84, 44]]","[[95, 23]]",72
94,4,32,"[[85, 44]]","[[95, 23]]",72
95,4,33,"[[86, 23], [87, 23], [88, 23], [89, 23], [90, 23], [91, 23], [92, 23], [93, 23], [94, 23]]",[],180
96,5,41,[],"[[101, 11]]",18
97,5,41,[],"[[102, 11]]",18
98,5,41,[],"[[103, 11]]",18
99,5,41,[],"[[104, 11]]",18
100,5,41,[],"[[105, 11]]",18
101,5,42,"[[96, 11]]","[[106, 18]]",11
102,5,42,"[[97, 11]]","[[106, 18]]",11
103,5,42,"[[98, 11]]","[[106, 18]]",11
104,5,42,"[[99, 11]]","[[106, 18]]",11
105,5,42,"[[100, 11]]","[[106, 18]]",11
106,5,43,"[[101, 18], [102, 18], [103, 18], [104, 18], [105, 18]]","[[111, 24], [110, 24], [109, 24], [108, 24], [107, 24]]",270
107,5,44,"[[106, 24]]","[[112, 37]]",26
108,5,44,"[[106, 24]]","[[113, 37]]",26
109,5,44,"[[106, 24]]","[[114, 37]]",26
110,5,44,"[[106, 24]]","[[115, 37]]",26
111,5,44,"[[106, 24]]","[[116, 37]]",26
112,5,42,"[[107, 37]]","[[117, 49]]",33
113,5,42,"[[108, 37]]","[[117, 49]]",33
114,5,42,"[[109, 37]]","[[117, 49]]",33
115,5,42,"[[110, 37]]","[[117, 49]]",33
116,5,42,"[[111, 37]]","[[117, 49]]",33
117,5,43,"[[112, 49], [113, 49], [114, 49], [115, 49], [116, 49]]",[],720
118,6,41,[],"[[123, 49]]",18
119,6,41,[],"[[124, 49]]",18
120,6,41,[],"[[125, 49]]",18
121,6,41,[],"[[126, 49]]",18
122,6,41,[],"[[127, 49]]",18
123,6,42,"[[118, 49]]","[[128, 10]]",44
124,6,42,"[[119, 49]]","[[128, 10]]",44
125,6,42,"[[120, 49]]","[[128, 10]]",44
126,6,42,"[[121, 49]]","[[128, 10]]",44
127,6,42,"[[122, 49]]","[[128, 10]]",44
128,6,43,"[[123, 10], [124, 10], [125, 10], [126, 10], [127, 10]]","[[133, 39], [132, 39], [131, 39], [130, 39], [129, 39]]",150
129,6,44,"[[128, 39]]","[[134, 8]]",39
130,6,44,"[[128, 39]]","[[135, 8]]",39
131,6,44,"[[128, 39]]","[[136, 8]]",39
132,6,44,"[[128, 39]]","[[137, 8]]",39
133,6,44,"[[128, 39]]","[[138, 8]]",39
134,6,42,"[[129, 8]]","[[139, 13]]",11
135,6,42,"[[130, 8]]","[[139, 13]]",11
136,6,42,"[[131, 8]]","[[139, 13]]",11
137,6,42,"[[132, 8]]","[[139, 13]]",11
138,6,42,"[[133, 8]]","[[139, 13]]",11
139,6,43,"[[134, 13], [135, 13], [136, 13], [137, 13], [138, 13]]",[],180
140,7,34,[],"[[142, 35], [146, 50]]",17
141,7,35,[],"[[143, 35], [149, 50]]",15
142,7,36,"[[140, 35]]","[[145, 50], [144, 50]]",18
143,7,36,"[[141, 35]]","[[148, 50], [147, 50]]",18
144,7,37,"[[142, 50]]","[[150, 5]]",75
145,7,38,"[[142, 50]]","[[151, 5]]",95
146,7,39,"[[140, 50]]","[[152, 5]]",80
147,7,37,"[[143, 50]]","[[153, 5]]",75
148,7,38,"[[143, 50]]","[[154, 5]]",95
149,7,39,"[[141, 50]]","[[155, 5]]",80
150,7,40,"[[144, 5]]",[],29
151,7,40,"[[145, 5]]",[],29
152,7,40,"[[146, 5]]",[],29
153,7,40,"[[147, 5]]",[],29
154,7,40,"[[148, 5]]",[],29
155,7,40,"[[149, 5]]",[],29
156,8,0,[],"[[159, 1]]",21
157,8,0,[],"[[159, 1]]",21
158,8,0,[],"[[159, 1]]",21
159,8,5,"[[156, 1], [157, 1], [158, 1]]","[[160, 46], [161, 46], [162, 46], [163, 46], [164, 46]]",18
160,8,6,"[[159, 46]]","[[165, 35], [166, 35]]",56
161,8,6,"[[159, 46]]","[[165, 49], [166, 49]]",56
162,8,6,"[[159, 46]]","[[165, 32], [166, 32]]",56
163,8,6,"[[159, 46]]","[[165, 17], [166, 17]]",56
164,8,6,"[[159, 46]]","[[165, 29], [166, 29]]",56
165,8,0,"[[160, 35], [161, 49], [162, 32], [163, 17], [164, 29]]","[[167, 28]]",336
166,8,0,"[[160, 35], [161, 49], [162, 32], [163, 17], [164, 29]]","[[167, 28]]",336
167,8,9,"[[165, 28], [166, 28]]","[[168, 9]]",60
168,8,8,"[[167, 9]]","[[169, 14], [170, 14]]",25
169,8,9,"[[168, 14]]","[[171, 35], [172, 35], [173, 35], [174, 35], [175, 35]]",12
170,8,9,"[[168, 14]]","[[171, 24], [172, 24], [173, 24], [174, 24], [175, 24]]",12
171,8,5,"[[169, 35], [170, 24]]","[[176, 19]]",90
172,8,5,"[[169, 35], [170, 24]]","[[176, 19]]",90
173,8,5,"[[169, 35], [170, 24]]","[[176, 19]]",90
174,8,5,"[[169, 35], [170, 24]]","[[176, 19]]",90
175,8,5,"[[169, 35], [170, 24]]","[[176, 19]]",90
176,8,9,"[[171, 19], [172, 19], [173, 19], [174, 19], [175, 19]]","[[177, 35], [178, 35], [179, 35]]",108
177,8,3,"[[176, 35]]",[],81
178,8,3,"[[176, 35]]",[],81
179,8,3,"[[176, 35]]",[],81
180,9,8,[],"[[184, 2]]",25
181,9,8,[],"[[184, 2]]",25
182,9,8,[],"[[184, 2]]",25
183,9,8,[],"[[184, 2]]",25
184,9,0,"[[180, 2], [181, 2], [182, 2], [183, 2]]","[[185, 45]]",21
185,9,2,"[[184, 45]]","[[186, 19], [187, 19], [188, 19], [189, 19]]",76
186,9,8,"[[185, 19]]","[[190, 5]]",25
187,9,8,"[[185, 19]]","[[191, 36]]",25
188,9,8,"[[185, 19]]","[[192, 22]]",25
189,9,8,"[[185, 19]]","[[193, 14]]",25
190,9,8,"[[186, 5]]","[[194, 17]]",25
191,9,8,"[[187, 36]]","[[194, 17]]",75
192,9,8,"[[188, 22]]","[[194, 17]]",50
193,9,8,"[[189, 14]]","[[194, 17]]",25
194,9,0,"[[190, 17], [191, 17], [192, 17], [193, 17]]","[[195, 11]]",126
195,9,2,"[[194, 11]]","[[196, 16], [197, 16], [198, 16], [199, 16]]",19
196,9,8,"[[195, 16]]","[[200, 7]]",25
197,9,8,"[[195, 16]]","[[201, 1]]",25
198,9,8,"[[195, 16]]","[[202, 46]]",25
199,9,8,"[[195, 16]]","[[203, 38]]",25
200,9,8,"[[196, 7]]","[[204, 40]]",25
201,9,8,"[[197, 1]]","[[204, 40]]",25
202,9,8,"[[198, 46]]","[[204, 40]]",100
203,9,8,"[[199, 38]]","[[204, 40]]",75
204,9,0,"[[200, 40], [201, 40], [202, 40], [203, 40]]","[[205, 9]]",336
205,9,2,"[[204, 9]]","[[206, 50], [207, 50], [208, 50], [209, 50]]",19
206,9,8,"[[205, 50]]","[[210, 42]]",125
207,9,8,"[[205, 50]]","[[211, 46]]",125
208,9,8,"[[205, 50]]","[[212, 6]]",125
209,9,8,"[[205, 50]]","[[213, 9]]",125
210,9,8,"[[206, 42]]","[[214, 44]]",100
211,9,8,"[[207, 46]]","[[214, 44]]",100
212,9,8,"[[208, 6]]","[[214, 44]]",25
213,9,8,"[[209, 9]]","[[214, 44]]",25
214,9,0,"[[210, 44], [211, 44], [212, 44], [213, 44]]","[[215, 35]]",357
215,9,2,"[[214, 35]]","[[216, 12], [217, 12], [218, 12], [219, 12]]",57
216,9,8,"[[215, 12]]",[],25
217,9,8,"[[215, 12]]",[],25
218,9,8,"[[215, 12]]",[],25
219,9,8,"[[215, 12]]",[],25
220,10,2,[],"[[224, 25]]",19
221,10,2,[],"[[224, 25]]",19
222,10,2,[],"[[224, 25]]",19
223,10,2,[],"[[224, 25]]",19
224,10,6,"[[220, 25], [221, 25], [222, 25], [223, 25]]","[[225, 40], [226, 40]]",140
225,10,2,"[[224, 40]]","[[227, 35]]",76
226,10,2,"[[224, 40]]","[[227, 35]]",76
227,10,3,"[[225, 35], [226, 35]]",[],189
228,11,10,[],"[[229, 37]]",27
229,11,11,"[[228, 37]]","[[230, 12], [231, 12], [232, 12], [233, 12], [234, 12], [235, 12], [236, 12], [237, 12], [238, 12]]",72
230,11,12,"[[229, 12]]",[],23
231,11,12,"[[229, 12]]",[],23
232,11,12,"[[229, 12]]",[],23
233,11,12,"[[229, 12]]",[],23
234,11,12,"[[229, 12]]","[[239, 46]]",23
235,11,12,"[[229, 12]]",[],23
236,11,12,"[[229, 12]]",[],23
237,11,12,"[[229, 12]]",[],23
238,11,12,"[[229, 12]]",[],23
239,11,13,"[[234, 46]]","[[240, 18], [241, 18], [242, 18], [243, 18], [244, 18], [245, 18], [246, 18], [247, 18], [248, 18]]",76
240,11,14,"[[239, 18]]",[],30
241,11,14,"[[239, 18]]",[],30
242,11,14,"[[239, 18]]",[],30
243,11,14,"[[239, 18]]",[],30
244,11,14,"[[239, 18]]",[],30
245,11,14,"[[239, 18]]",[],30
246,11,14,"[[239, 18]]",[],30
247,11,14,"[[239, 18]]",[],30
248,11,14,"[[239, 18]]",[],30
249,12,10,[],"[[250, 3], [251, 3]]",27
250,12,11,"[[249, 3]]","[[252, 29]]",24
251,12,11,"[[249, 3]]","[[253, 29]]",24
252,12,12,"[[250, 29]]","[[254, 6]]",46
253,12,12,"[[251, 29]]","[[255, 6]]",46
254,12,13,"[[252, 6]]","[[256, 41]]",19
255,12,13,"[[253, 6]]","[[257, 41]]",19
256,12,14,"[[254, 41]]","[[258, 3]]",120
257,12,14,"[[255, 41]]","[[259, 3]]",120
258,12,15,"[[256, 3]]",[],10
259,12,15,"[[257, 3]]",[],10
260,13,10,[],"[[261, 9]]",27
261,13,11,"[[260, 9]]","[[262, 26]]",24
262,13,12,"[[261, 26]]","[[263, 17]]",46
263,13,13,"[[262, 17]]","[[264, 23]]",19
264,13,14,"[[263, 23]]","[[265, 16]]",60
265,13,15,"[[264, 16]]","[[266, 12]]",10
266,13,16,"[[265, 12]]","[[267, 23]]",16
267,13,17,"[[266, 23]]","[[268, 46]]",46
268,13,18,"[[267, 46]]",[],76
269,14,34,[],"[[271, 21], [275, 2]]",17
270,14,35,[],"[[272, 21], [278, 2]]",15
271,14,36,"[[269, 21]]","[[274, 2], [273, 2]]",12
272,14,36,"[[270, 21]]","[[277, 2], [276, 2]]",12
273,14,37,"[[271, 2]]","[[279, 17]]",15
274,14,38,"[[271, 2]]","[[280, 17]]",19
275,14,39,"[[269, 2]]","[[281, 17]]",16
276,14,37,"[[272, 2]]","[[282, 17]]",15
277,14,38,"[[272, 2]]","[[283, 17]]",19
278,14,39,"[[270, 2]]","[[284, 17]]",16
279,14,40,"[[273, 17]]",[],29
280,14,40,"[[274, 17]]",[],29
281,14,40,"[[275, 17]]",[],29
282,14,40,"[[276, 17]]",[],29
283,14,40,"[[277, 17]]",[],29
284,14,40,"[[278, 17]]",[],29
285,15,2,[],"[[288, 30]]",19
286,15,2,[],"[[288, 30]]",19
287,15,2,[],"[[288, 30]]",19
288,15,8,"[[285, 30], [286, 30], [287, 30]]","[[289, 47]]",225
289,15,7,"[[288, 47]]","[[290, 12], [291, 12], [292, 12]]",24
290,15,6,"[[289, 12]]","[[293, 23]]",14
291,15,6,"[[289, 12]]","[[294, 18]]",14
292,15,6,"[[289, 12]]","[[295, 11]]",14
293,15,2,"[[290, 23]]","[[296, 22]]",38
294,15,2,"[[291, 18]]","[[296, 22]]",19
295,15,2,"[[292, 11]]","[[296, 22]]",19
296,15,8,"[[293, 22], [294, 22], [295, 22]]","[[297, 14]]",150
297,15,7,"[[296, 14]]","[[298, 49], [299, 49], [300, 49]]",6
298,15,6,"[[297, 49]]","[[301, 6]]",56
299,15,6,"[[297, 49]]","[[302, 29]]",56
300,15,6,"[[297, 49]]","[[303, 45]]",56
301,15,2,"[[298, 6]]","[[304, 45]]",19
302,15,2,"[[299, 29]]","[[304, 45]]",38
303,15,2,"[[300, 45]]","[[304, 45]]",76
304,15,8,"[[301, 45], [302, 45], [303, 45]]","[[305, 38]]",325
305,15,7,"[[304, 38]]","[[306, 20], [307, 20], [308, 20]]",18
306,15,6,"[[305, 20]]","[[309, 49]]",28
307,15,6,"[[305, 20]]","[[310, 4]]",28
308,15,6,"[[305, 20]]","[[311, 20]]",28
309,15,2,"[[306, 49]]","[[312, 23]]",76
310,15,2,"[[307, 4]]","[[312, 23]]",19
311,15,2,"[[308, 20]]","[[312, 23]]",38
312,15,8,"[[309, 23], [310, 23], [311, 23]]","[[313, 41]]",150
313,15,7,"[[312, 41]]","[[314, 13], [315, 13], [316, 13]]",24
314,15,6,"[[313, 13]]","[[317, 11]]",14
315,15,6,"[[313, 13]]","[[318, 33]]",14
316,15,6,"[[313, 13]]","[[319, 39]]",14
317,15,2,"[[314, 11]]","[[320, 14]]",19
318,15,2,"[[315, 33]]","[[320, 14]]",57
319,15,2,"[[316, 39]]","[[320, 14]]",57
320,15,8,"[[317, 14], [318, 14], [319, 14]]","[[321, 3]]",100
321,15,7,"[[320, 3]]","[[322, 50], [323, 50], [324, 50]]",6
322,15,6,"[[321, 50]]",[],70
323,15,6,"[[321, 50]]",[],70
324,15,6,"[[321, 50]]",[],70
325,16,6,[],"[[330, 25], [331, 25], [332, 25]]",14
326,16,6,[],"[[330, 27], [331, 27], [332, 27]]",14
327,16,6,[],"[[330, 30], [331, 30], [332, 30]]",14
328,16,6,[],"[[330, 17], [331, 17], [332, 17]]",14
329,16,6,[],"[[330, 8], [331, 8], [332, 8]]",14
330,16,8,"[[325, 25], [326, 27], [327, 30], [328, 17], [329, 8]]","[[333, 39]]",250
331,16,8,"[[325, 25], [326, 27], [327, 30], [328, 17], [329, 8]]","[[333, 39]]",250
332,16,8,"[[325, 25], [326, 27], [327, 30], [328, 17], [329, 8]]","[[333, 39]]",250
333,16,4,"[[330, 39], [331, 39], [332, 39]]","[[334, 21]]",209
334,16,3,"[[333, 21]]","[[335, 30], [336, 30], [337, 30]]",54
335,16,9,"[[334, 30]]","[[338, 14]]",36
336,16,9,"[[334, 30]]","[[338, 14]]",36
337,16,9,"[[334, 30]]","[[338, 14]]",36
338,16,3,"[[335, 14], [336, 14], [337, 14]]","[[339, 41]]",108
339,16,6,"[[338, 41]]","[[340, 42], [341, 42], [342, 42]]",56
340,16,7,"[[339, 42]]","[[343, 6], [363, 7]]",24
341,16,7,"[[339, 42]]","[[343, 37], [364, 20]]",24
342,16,7,"[[339, 42]]","[[343, 14], [365, 4]]",24
343,16,3,"[[340, 6], [341, 37], [342, 14]]","[[344, 39], [362, 39]]",135
344,16,7,"[[343, 39]]","[[345, 11], [346, 11], [347, 11]]",18
345,16,4,"[[344, 11]]","[[348, 36], [349, 36], [350, 36], [351, 36], [352, 36], [358, 3]]",19
346,16,4,"[[344, 11]]","[[348, 7], [349, 7], [350, 7], [351, 7], [352, 7], [359, 1]]",19
347,16,4,"[[344, 11]]","[[348, 33], [349, 33], [350, 33], [351, 33], [352, 33], [360, 7]]",19
348,16,9,"[[345, 36], [346, 7], [347, 33]]","[[353, 26]]",84
349,16,9,"[[345, 36], [346, 7], [347, 33]]","[[354, 29]]",84
350,16,9,"[[345, 36], [346, 7], [347, 33]]","[[355, 10]]",84
351,16,9,"[[345, 36], [346, 7], [347, 33]]","[[356, 5]]",84
352,16,9,"[[345, 36], [346, 7], [347, 33]]","[[357, 10]]",84
353,16,6,"[[348, 26]]","[[358, 32], [359, 32], [360, 32]]",28
354,16,6,"[[349, 29]]","[[358, 1], [359, 1], [360, 1]]",28
355,16,6,"[[350, 10]]","[[358, 49], [359, 49], [360, 49]]",14
356,16,6,"[[351, 5]]","[[358, 41], [359, 41], [360, 41]]",14
357,16,6,"[[352, 10]]","[[358, 42], [359, 42], [360, 42]]",14
358,16,8,"[[345, 3], [353, 32], [354, 1], [355, 49], [356, 41], [357, 42]]","[[361, 21]]",400
359,16,8,"[[346, 1], [353, 32], [354, 1], [355, 49], [356, 41], [357, 42]]","[[361, 21]]",400
360,16,8,"[[347, 7], [353, 32], [354, 1], [355, 49], [356, 41], [357, 42]]","[[361, 21]]",425
361,16,4,"[[358, 21], [359, 21], [360, 21]]","[[362, 22]]",114
362,16,3,"[[343, 39], [361, 22]]","[[363, 39], [364, 39], [365, 39]]",162
363,16,9,"[[340, 7], [362, 39]]","[[366, 48]]",48
364,16,9,"[[341, 20], [362, 39]]","[[366, 48]]",60
365,16,9,"[[342, 4], [362, 39]]","[[366, 48]]",48
366,16,3,"[[363, 48], [364, 48], [365, 48]]","[[367, 50]]",378
367,16,6,"[[366, 50]]","[[368, 28], [369, 28], [370, 28]]",70
368,16,7,"[[367, 28]]","[[371, 4], [391, 38]]",12
369,16,7,"[[367, 28]]","[[371, 18], [392, 21]]",12
370,16,7,"[[367, 28]]","[[371, 34], [393, 34]]",12
371,16,3,"[[368, 4], [369, 18], [370, 34]]","[[372, 10], [390, 38]]",135
372,16,7,"[[371, 10]]","[[373, 42], [374, 42], [375, 42]]",6
373,16,4,"[[372, 42]]","[[376, 38], [377, 38], [378, 38], [379, 38], [380, 38], [386, 26]]",76
374,16,4,"[[372, 42]]","[[376, 4], [377, 4], [378, 4], [379, 4], [380, 4], [387, 46]]",76
375,16,4,"[[372, 42]]","[[376, 45], [377, 45], [378, 45], [379, 45], [380, 45], [388, 17]]",76
376,16,9,"[[373, 38], [374, 4], [375, 45]]","[[381, 50]]",96
377,16,9,"[[373, 38], [374, 4], [375, 45]]","[[382, 1]]",96
378,16,9,"[[373, 38], [374, 4], [375, 45]]","[[383, 17]]",96
379,16,9,"[[373, 38], [374, 4], [375, 45]]","[[384, 19]]",96
380,16,9,"[[373, 38], [374, 4], [375, 45]]","[[385, 4]]",96
381,16,6,"[[376, 50]]","[[386, 40], [387, 40], [388, 40]]",70
382,16,6,"[[377, 1]]","[[386, 15], [387, 15], [388, 15]]",14
383,16,6,"[[378, 17]]","[[386, 36], [387, 36], [388, 36]]",14
384,16,6,"[[379, 19]]","[[386, 36], [387, 36], [388, 36]]",14
385,16,6,"[[380, 4]]","[[386, 20], [387, 20], [388, 20]]",14
386,16,8,"[[373, 26], [381, 40], [382, 15], [383, 36], [384, 36], [385, 20]]","[[389, 24]]",425
387,16,8,"[[374, 46], [381, 40], [382, 15], [383, 36], [384, 36], [385, 20]]","[[389, 24]]",475
388,16,8,"[[375, 17], [381, 40], [382, 15], [383, 36], [384, 36], [385, 20]]","[[389, 24]]",400
389,16,4,"[[386, 24], [387, 24], [388, 24]]","[[390, 20]]",133
390,16,3,"[[371, 38], [389, 20]]","[[391, 33], [392, 33], [393, 33]]",135
391,16,9,"[[368, 38], [390, 33]]","[[394, 48]]",84
392,16,9,"[[369, 21], [390, 33]]","[[394, 48]]",60
393,16,9,"[[370, 34], [390, 33]]","[[394, 48]]",72
394,16,3,"[[391, 48], [392, 48], [393, 48]]","[[395, 38]]",378
395,16,6,"[[394, 38]]","[[396, 9], [397, 9], [398, 9]]",42
396,16,7,"[[395, 9]]","[[399, 31], [419, 22]]",6
397,16,7,"[[395, 9]]","[[399, 13], [420, 24]]",6
398,16,7,"[[395, 9]]","[[399, 29], [421, 30]]",6
399,16,3,"[[396, 31], [397, 13], [398, 29]]","[[400, 25], [418, 6]]",189
400,16,7,"[[399, 25]]","[[401, 48], [402, 48], [403, 48]]",12
401,16,4,"[[400, 48]]","[[404, 39], [405, 39], [406, 39], [407, 39], [408, 39], [414, 29]]",76
402,16,4,"[[400, 48]]","[[404, 37], [405, 37], [406, 37], [407, 37], [408, 37], [415, 22]]",76
403,16,4,"[[400, 48]]","[[404, 2], [405, 2], [406, 2], [407, 2], [408, 2], [416, 31]]",76
404,16,9,"[[401, 39], [402, 37], [403, 2]]","[[409, 47]]",84
405,16,9,"[[401, 39], [402, 37], [403, 2]]","[[410, 34]]",84
406,16,9,"[[401, 39], [402, 37], [403, 2]]","[[411, 23]]",84
407,16,9,"[[401, 39], [402, 37], [403, 2]]","[[412, 18]]",84
408,16,9,"[[401, 39], [402, 37], [403, 2]]","[[413, 41]]",84
409,16,6,"[[404, 47]]","[[414, 29], [415, 29], [416, 29]]",56
410,16,6,"[[405, 34]]","[[414, 29], [415, 29], [416, 29]]",42
411,16,6,"[[406, 23]]","[[414, 7], [415, 7], [416, 7]]",28
412,16,6,"[[407, 18]]","[[414, 9], [415, 9], [416, 9]]",14
413,16,6,"[[408, 41]]","[[414, 32], [415, 32], [416, 32]]",56
414,16,8,"[[401, 29], [409, 29], [410, 29], [411, 7], [412, 9], [413, 32]]","[[417, 48]]",325
415,16,8,"[[402, 22], [409, 29], [410, 29], [411, 7], [412, 9], [413, 32]]","[[417, 48]]",300
416,16,8,"[[403, 31], [409, 29], [410, 29], [411, 7], [412, 9], [413, 32]]","[[417, 48]]",325
417,16,4,"[[414, 48], [415, 48], [416, 48]]","[[418, 45]]",266
418,16,3,"[[399, 6], [417, 45]]","[[419, 25], [420, 25], [421, 25]]",135
419,16,9,"[[396, 22], [418, 25]]","[[422, 26]]",48
420,16,9,"[[397, 24], [418, 25]]","[[422, 26]]",48
421,16,9,"[[398, 30], [418, 25]]","[[422, 26]]",60
422,16,3,"[[419, 26], [420, 26], [421, 26]]","[[423, 5]]",189
423,16,6,"[[422, 5]]","[[424, 12], [425, 12], [426, 12]]",14
424,16,7,"[[423, 12]]","[[427, 35], [447, 23]]",6
425,16,7,"[[423, 12]]","[[427, 15], [448, 36]]",6
426,16,7,"[[423, 12]]","[[427, 37], [449, 45]]",6
427,16,3,"[[424, 35], [425, 15], [426, 37]]","[[428, 33], [446, 35]]",216
428,16,7,"[[427, 33]]","[[429, 40], [430, 40], [431, 40]]",18
429,16,4,"[[428, 40]]","[[432, 10], [433, 10], [434, 10], [435, 10], [436, 10], [442, 48]]",76
430,16,4,"[[428, 40]]","[[432, 3], [433, 3], [434, 3], [435, 3], [436, 3], [443, 1]]",76
431,16,4,"[[428, 40]]","[[432, 32], [433, 32], [434, 32], [435, 32], [436, 32], [444, 19]]",76
432,16,9,"[[429, 10], [430, 3], [431, 32]]","[[437, 49]]",48
433,16,9,"[[429, 10], [430, 3], [431, 32]]","[[438, 25]]",48
434,16,9,"[[429, 10], [430, 3], [431, 32]]","[[439, 41]]",48
435,16,9,"[[429, 10], [430, 3], [431, 32]]","[[440, 4]]",48
436,16,9,"[[429, 10], [430, 3], [431, 32]]","[[441, 45]]",48
437,16,6,"[[432, 49]]","[[442, 47], [443, 47], [444, 47]]",56
438,16,6,"[[433, 25]]","[[442, 4], [443, 4], [444, 4]]",28
439,16,6,"[[434, 41]]","[[442, 21], [443, 21], [444, 21]]",56
440,16,6,"[[435, 4]]","[[442, 28], [443, 28], [444, 28]]",14
441,16,6,"[[436, 45]]","[[442, 40], [443, 40], [444, 40]]",56
442,16,8,"[[429, 48], [437, 47], [438, 4], [439, 21], [440, 28], [441, 40]]","[[445, 11]]",450
443,16,8,"[[430, 1], [437, 47], [438, 4], [439, 21], [440, 28], [441, 40]]","[[445, 11]]",350
444,16,8,"[[431, 19], [437, 47], [438, 4], [439, 21], [440, 28], [441, 40]]","[[445, 11]]",375
445,16,4,"[[442, 11], [443, 11], [444, 11]]","[[446, 45]]",57
446,16,3,"[[427, 35], [445, 45]]","[[447, 38], [448, 38], [449, 38]]",216
447,16,9,"[[424, 23], [446, 38]]","[[450, 35]]",72
448,16,9,"[[425, 36], [446, 38]]","[[450, 35]]",84
449,16,9,"[[426, 45], [446, 38]]","[[450, 35]]",96
450,16,3,"[[447, 35], [448, 35], [449, 35]]","[[451, 6]]",270
451,16,6,"[[450, 6]]","[[452, 50], [453, 50], [454, 50]]",14
452,16,7,"[[451, 50]]","[[455, 24]]",30
453,16,7,"[[451, 50]]","[[455, 30]]",30
454,16,7,"[[451, 50]]","[[455, 4]]",30
455,16,3,"[[452, 24], [453, 30], [454, 4]]","[[456, 1]]",135
456,16,7,"[[455, 1]]","[[457, 12], [458, 12], [459, 12]]",6
457,16,4,"[[456, 12]]","[[460, 1], [461, 1], [462, 1], [463, 1], [464, 1]]",19
458,16,4,"[[456, 12]]","[[460, 3], [461, 3], [462, 3], [463, 3], [464, 3]]",19
459,16,4,"[[456, 12]]","[[460, 48], [461, 48], [462, 48], [463, 48], [464, 48]]",19
460,16,9,"[[457, 1], [458, 3], [459, 48]]",[],60
461,16,9,"[[457, 1], [458, 3], [459, 48]]",[],60
462,16,9,"[[457, 1], [458, 3], [459, 48]]",[],60
463,16,9,"[[457, 1], [458, 3], [459, 48]]",[],60
464,16,9,"[[457, 1], [458, 3], [459, 48]]",[],60
465,17,10,[],"[[466, 4], [467, 4], [468, 4]]",27
466,17,11,"[[465, 4]]","[[469, 14]]",24
467,17,11,"[[465, 4]]","[[470, 14]]",24
468,17,11,"[[465, 4]]","[[471, 14]]",24
469,17,12,"[[466, 14]]","[[472, 20]]",23
470,17,12,"[[467, 14]]","[[473, 20]]",23
471,17,12,"[[468, 14]]","[[474, 20]]",23
472,17,13,"[[469, 20]]","[[475, 33]]",38
473,17,13,"[[470, 20]]","[[476, 33]]",38
474,17,13,"[[471, 20]]","[[477, 33]]",38
475,17,14,"[[472, 33]]",[],90
476,17,14,"[[473, 33]]",[],90
477,17,14,"[[474, 33]]",[],90
478,18,6,[],"[[480, 31]]",14
479,18,6,[],"[[480, 31]]",14
480,18,2,"[[478, 31], [479, 31]]",[],114
481,19,41,[],"[[486, 36]]",18
482,19,41,[],"[[487, 36]]",18
483,19,41,[],"[[488, 36]]",18
484,19,41,[],"[[489, 36]]",18
485,19,41,[],"[[490, 36]]",18
486,19,42,"[[481, 36]]","[[491, 18]]",33
487,19,42,"[[482, 36]]","[[491, 18]]",33
488,19,42,"[[483, 36]]","[[491, 18]]",33
489,19,42,"[[484, 36]]","[[491, 18]]",33
490,19,42,"[[485, 36]]","[[491, 18]]",33
491,19,43,"[[486, 18], [487, 18], [488, 18], [489, 18], [490, 18]]","[[496, 36], [495, 36], [494, 36], [493, 36], [492, 36]]",270
492,19,44,"[[491, 36]]","[[497, 37]]",39
493,19,44,"[[491, 36]]","[[498, 37]]",39
494,19,44,"[[491, 36]]","[[499, 37]]",39
495,19,44,"[[491, 36]]","[[500, 37]]",39
496,19,44,"[[491, 36]]","[[501, 37]]",39
497,19,42,"[[492, 37]]","[[502, 10]]",33
498,19,42,"[[493, 37]]","[[502, 10]]",33
499,19,42,"[[494, 37]]","[[502, 10]]",33
500,19,42,"[[495, 37]]","[[502, 10]]",33
501,19,42,"[[496, 37]]","[[502, 10]]",33
502,19,43,"[[497, 10], [498, 10], [499, 10], [500, 10], [501, 10]]",[],150
503,20,10,[],"[[504, 11]]",27
504,20,11,"[[503, 11]]","[[505, 17], [506, 17], [507, 17], [508, 17], [509, 17], [510, 17], [511, 17], [512, 17], [513, 17]]",24
505,20,12,"[[504, 17]]",[],23
506,20,12,"[[504, 17]]",[],23
507,20,12,"[[504, 17]]",[],23
508,20,12,"[[504, 17]]",[],23
509,20,12,"[[504, 17]]","[[514, 48]]",23
510,20,12,"[[504, 17]]",[],23
511,20,12,"[[504, 17]]",[],23
512,20,12,"[[504, 17]]",[],23
513,20,12,"[[504, 17]]",[],23
514,20,13,"[[509, 48]]","[[515, 21], [516, 21], [517, 21], [518, 21], [519, 21], [520, 21], [521, 21], [522, 21], [523, 21]]",76
515,20,14,"[[514, 21]]",[],60
516,20,14,"[[514, 21]]",[],60
517,20,14,"[[514, 21]]",[],60
518,20,14,"[[514, 21]]",[],60
519,20,14,"[[514, 21]]",[],60
520,20,14,"[[514, 21]]",[],60
521,20,14,"[[514, 21]]",[],60
522,20,14,"[[514, 21]]",[],60
523,20,14,"[[514, 21]]",[],60
524,21,34,[],"[[526, 14], [530, 25]]",17
525,21,35,[],"[[527, 14], [533, 25]]",15
526,21,36,"[[524, 14]]","[[529, 25], [528, 25]]",6
527,21,36,"[[525, 14]]","[[532, 25], [531, 25]]",6
528,21,37,"[[526, 25]]","[[534, 45]]",30
529,21,38,"[[526, 25]]","[[535, 45]]",38
530,21,39,"[[524, 25]]","[[536, 45]]",32
531,21,37,"[[527, 25]]","[[537, 45]]",30
532,21,38,"[[527, 25]]","[[538, 45]]",38
533,21,39,"[[525, 25]]","[[539, 45]]",32
534,21,40,"[[528, 45]]",[],116
535,21,40,"[[529, 45]]",[],116
536,21,40,"[[530, 45]]",[],116
537,21,40,"[[531, 45]]",[],116
538,21,40,"[[532, 45]]",[],116
539,21,40,"[[533, 45]]",[],116
540,22,29,[],"[[545, 38], [544, 38], [543, 38], [542, 38]]",21
541,22,29,[],"[[549, 38], [548, 38], [547, 38], [546, 38]]",21
542,22,30,"[[540, 38]]","[[550, 19], [551, 11]]",66
543,22,30,"[[540, 38]]","[[550, 19], [552, 11]]",66
544,22,30,"[[540, 38]]","[[550, 19], [553, 11]]",66
545,22,30,"[[540, 38]]","[[550, 19], [554, 11]]",66
546,22,30,"[[541, 38]]","[[550, 19], [555, 11]]",66
547,22,30,"[[541, 38]]","[[550, 19], [556, 11]]",66
548,22,30,"[[541, 38]]","[[550, 19], [557, 11]]",66
549,22,30,"[[541, 38]]","[[550, 19], [558, 11]]",66
550,22,31,"[[542, 19], [543, 19], [544, 19], [545, 19], [546, 19], [547, 19], [548, 19], [549, 19]]","[[559, 8]]",105
551,22,32,"[[542, 11]]","[[559, 8]]",18
552,22,32,"[[543, 11]]","[[559, 8]]",18
553,22,32,"[[544, 11]]","[[559, 8]]",18
554,22,32,"[[545, 11]]","[[559, 8]]",18
555,22,32,"[[546, 11]]","[[559, 8]]",18
556,22,32,"[[547, 11]]","[[559, 8]]",18
557,22,32,"[[548, 11]]","[[559, 8]]",18
558,22,32,"[[549, 11]]","[[559, 8]]",18
559,22,33,"[[550, 8], [551, 8], [552, 8], [553, 8], [554, 8], [555, 8], [556, 8], [557, 8], [558, 8]]",[],63
560,23,10,[],"[[561, 14]]",27
561,23,11,"[[560, 14]]","[[562, 15], [563, 15], [564, 15], [565, 15], [566, 15], [567, 15], [568, 15], [569, 15], [570, 15]]",24
562,23,12,"[[561, 15]]",[],23
563,23,12,"[[561, 15]]",[],23
564,23,12,"[[561, 15]]",[],23
565,23,12,"[[561, 15]]",[],23
566,23,12,"[[561, 15]]","[[571, 36]]",23
567,23,12,"[[561, 15]]",[],23
568,23,12,"[[561, 15]]",[],23
569,23,12,"[[561, 15]]",[],23
570,23,12,"[[561, 15]]",[],23
571,23,13,"[[566, 36]]","[[572, 35], [573, 35], [574, 35], [575, 35], [576, 35], [577, 35], [578, 35], [579, 35], [580, 35]]",57
572,23,14,"[[571, 35]]",[],90
573,23,14,"[[571, 35]]",[],90
574,23,14,"[[571, 35]]",[],90
575,23,14,"[[571, 35]]",[],90
576,23,14,"[[571, 35]]",[],90
577,23,14,"[[571, 35]]",[],90
578,23,14,"[[571, 35]]",[],90
579,23,14,"[[571, 35]]",[],90
580,23,14,"[[571, 35]]",[],90
581,24,20,[],"[[585, 11], [586, 11], [593, 4]]",26
582,24,20,[],"[[585, 11], [586, 11], [587, 11], [589, 11], [594, 4]]",26
583,24,20,[],"[[587, 11], [588, 11], [595, 4]]",26
584,24,20,[],"[[588, 11], [589, 11], [590, 11], [596, 4]]",26
585,24,21,"[[581, 11], [582, 11]]","[[591, 19]]",38
586,24,21,"[[581, 11], [582, 11]]","[[591, 19]]",38
587,24,21,"[[582, 11], [583, 11]]","[[591, 19]]",38
588,24,21,"[[583, 11], [584, 11]]","[[591, 19]]",38
589,24,21,"[[582, 11], [584, 11]]","[[591, 19]]",38
590,24,21,"[[584, 11]]","[[591, 19]]",19
591,24,22,"[[585, 19], [586, 19], [587, 19], [588, 19], [589, 19], [590, 19], [592, 45]]",[],315
592,24,23,[],"[[591, 45], [596, 4], [595, 4], [594, 4], [593, 4]]",9
593,24,24,"[[581, 4], [592, 4]]","[[597, 48]]",25
594,24,24,"[[582, 4], [592, 4]]","[[597, 48]]",25
595,24,24,"[[583, 4], [592, 4]]","[[597, 48]]",25
596,24,24,"[[584, 4], [592, 4]]","[[597, 48]]",25
597,24,25,"[[593, 48], [594, 48], [595, 48], [596, 48]]","[[598, 8]]",380
598,24,26,"[[597, 8]]","[[599, 44]]",16
599,24,27,"[[598, 44]]","[[600, 44]]",68
600,24,28,"[[599, 44]]",[],92
601,25,41,[],"[[606, 46]]",18
602,25,41,[],"[[607, 46]]",18
603,25,41,[],"[[608, 46]]",18
604,25,41,[],"[[609, 46]]",18
605,25,41,[],"[[610, 46]]",18
606,25,42,"[[601, 46]]","[[611, 21]]",44
607,25,42,"[[602, 46]]","[[611, 21]]",44
608,25,42,"[[603, 46]]","[[611, 21]]",44
609,25,42,"[[604, 46]]","[[611, 21]]",44
610,25,42,"[[605, 46]]","[[611, 21]]",44
611,25,43,"[[606, 21], [607, 21], [608, 21], [609, 21], [610, 21]]","[[616, 49], [615, 49], [614, 49], [613, 49], [612, 49]]",300
612,25,44,"[[611, 49]]","[[617, 26]]",52
613,25,44,"[[611, 49]]","[[618, 26]]",52
614,25,44,"[[611, 49]]","[[619, 26]]",52
615,25,44,"[[611, 49]]","[[620, 26]]",52
616,25,44,"[[611, 49]]","[[621, 26]]",52
617,25,42,"[[612, 26]]","[[622, 13]]",22
618,25,42,"[[613, 26]]","[[622, 13]]",22
619,25,42,"[[614, 26]]","[[622, 13]]",22
620,25,42,"[[615, 26]]","[[622, 13]]",22
621,25,42,"[[616, 26]]","[[622, 13]]",22
622,25,43,"[[617, 13], [618, 13], [619, 13], [620, 13], [621, 13]]",[],180
623,26,10,[],"[[624, 8], [625, 8], [626, 8], [627, 8]]",27
624,26,11,"[[623, 8]]","[[628, 14]]",24
625,26,11,"[[623, 8]]","[[629, 14]]",24
626,26,11,"[[623, 8]]","[[630, 14]]",24
627,26,11,"[[623, 8]]","[[631, 14]]",24
628,26,12,"[[624, 14]]","[[632, 9]]",23
629,26,12,"[[625, 14]]","[[633, 9]]",23
630,26,12,"[[626, 14]]","[[634, 9]]",23
631,26,12,"[[627, 14]]","[[635, 9]]",23
632,26,13,"[[628, 9]]","[[636, 25]]",19
633,26,13,"[[629, 9]]","[[637, 25]]",19
634,26,13,"[[630, 9]]","[[638, 25]]",19
635,26,13,"[[631, 9]]","[[639, 25]]",19
636,26,14,"[[632, 25]]","[[640, 38]]",60
637,26,14,"[[633, 25]]","[[641, 38]]",60
638,26,14,"[[634, 25]]","[[642, 38]]",60
639,26,14,"[[635, 25]]","[[643, 38]]",60
640,26,15,"[[636, 38]]",[],30
641,26,15,"[[637, 38]]",[],30
642,26,15,"[[638, 38]]",[],30
643,26,15,"[[639, 38]]",[],30
644,27,10,[],"[[645, 37]]",27
645,27,11,"[[644, 37]]","[[646, 14]]",72
646,27,12,"[[645, 14]]","[[647, 21]]",23
647,27,13,"[[646, 21]]","[[648, 39]]",38
648,27,14,"[[647, 39]]","[[649, 1]]",90
649,27,15,"[[648, 1]]",[],10
650,28,29,[],"[[655, 15], [654, 15], [653, 15], [652, 15]]",21
651,28,29,[],"[[659, 15], [658, 15], [657, 15], [656, 15]]",21
652,28,30,"[[650, 15]]","[[660, 8], [661, 41]]",22
653,28,30,"[[650, 15]]","[[660, 8], [662, 41]]",22
654,28,30,"[[650, 15]]","[[660, 8], [663, 41]]",22
655,28,30,"[[650, 15]]","[[660, 8], [664, 41]]",22
656,28,30,"[[651, 15]]","[[660, 8], [665, 41]]",22
657,28,30,"[[651, 15]]","[[660, 8], [666, 41]]",22
658,28,30,"[[651, 15]]","[[660, 8], [667, 41]]",22
659,28,30,"[[651, 15]]","[[660, 8], [668, 41]]",22
660,28,31,"[[652, 8], [653, 8], [654, 8], [655, 8], [656, 8], [657, 8], [658, 8], [659, 8]]","[[669, 36]]",42
661,28,32,"[[652, 41]]","[[669, 36]]",72
662,28,32,"[[653, 41]]","[[669, 36]]",72
663,28,32,"[[654, 41]]","[[669, 36]]",72
664,28,32,"[[655, 41]]","[[669, 36]]",72
665,28,32,"[[656, 41]]","[[669, 36]]",72
666,28,32,"[[657, 41]]","[[669, 36]]",72
667,28,32,"[[658, 41]]","[[669, 36]]",72
668,28,32,"[[659, 41]]","[[669, 36]]",72
669,28,33,"[[660, 36], [661, 36], [662, 36], [663, 36], [664, 36], [665, 36], [666, 36], [667, 36], [668, 36]]",[],288
670,29,34,[],"[[672, 11], [676, 12]]",17
671,29,35,[],"[[673, 11], [679, 12]]",15
672,29,36,"[[670, 11]]","[[675, 12], [674, 12]]",6
673,29,36,"[[671, 11]]","[[678, 12], [677, 12]]",6
674,29,37,"[[672, 12]]","[[680, 8]]",15
675,29,38,"[[672, 12]]","[[681, 8]]",19
676,29,39,"[[670, 12]]","[[682, 8]]",16
677,29,37,"[[673, 12]]","[[683, 8]]",15
678,29,38,"[[673, 12]]","[[684, 8]]",19
679,29,39,"[[671, 12]]","[[685, 8]]",16
680,29,40,"[[674, 8]]",[],29
681,29,40,"[[675, 8]]",[],29
682,29,40,"[[676, 8]]",[],29
683,29,40,"[[677, 8]]",[],29
684,29,40,"[[678, 8]]",[],29
685,29,40,"[[679, 8]]",[],29
686,30,10,[],"[[687, 41]]",27
687,30,11,"[[686, 41]]","[[688, 27]]",96
688,30,12,"[[687, 27]]","[[689, 13]]",46
689,30,13,"[[688, 13]]",[],19
690,31,20,[],"[[694, 44], [695, 44], [702, 16]]",26
691,31,20,[],"[[694, 44], [695, 44], [696, 44], [698, 44], [703, 16]]",26
692,31,20,[],"[[696, 44], [697, 44], [704, 16]]",26
693,31,20,[],"[[697, 44], [698, 44], [699, 44], [705, 16]]",26
694,31,21,"[[690, 44], [691, 44]]","[[700, 34]]",152
695,31,21,"[[690, 44], [691, 44]]","[[700, 34]]",152
696,31,21,"[[691, 44], [692, 44]]","[[700, 34]]",152
697,31,21,"[[692, 44], [693, 44]]","[[700, 34]]",152
698,31,21,"[[691, 44], [693, 44]]","[[700, 34]]",152
699,31,21,"[[693, 44]]","[[700, 34]]",76
700,31,22,"[[694, 34], [695, 34], [696, 34], [697, 34], [698, 34], [699, 34], [701, 47]]",[],525
701,31,23,[],"[[700, 47], [705, 16], [704, 16], [703, 16], [702, 16]]",9
702,31,24,"[[690, 16], [701, 16]]","[[706, 33]]",75
703,31,24,"[[691, 16], [701, 16]]","[[706, 33]]",75
704,31,24,"[[692, 16], [701, 16]]","[[706, 33]]",75
705,31,24,"[[693, 16], [701, 16]]","[[706, 33]]",75
706,31,25,"[[702, 33], [703, 33], [704, 33], [705, 33]]","[[707, 42]]",260
707,31,26,"[[706, 42]]","[[708, 14]]",64
708,31,27,"[[707, 14]]","[[709, 9]]",17
709,31,28,"[[708, 9]]",[],23
710,32,41,[],"[[715, 9]]",18
711,32,41,[],"[[716, 9]]",18
712,32,41,[],"[[717, 9]]",18
713,32,41,[],"[[718, 9]]",18
714,32,41,[],"[[719, 9]]",18
715,32,42,"[[710, 9]]","[[720, 45]]",11
716,32,42,"[[711, 9]]","[[720, 45]]",11
717,32,42,"[[712, 9]]","[[720, 45]]",11
718,32,42,"[[713, 9]]","[[720, 45]]",11
719,32,42,"[[714, 9]]","[[720, 45]]",11
720,32,43,"[[715, 45], [716, 45], [717, 45], [718, 45], [719, 45]]","[[725, 36], [724, 36], [723, 36], [722, 36], [721, 36]]",660
721,32,44,"[[720, 36]]","[[726, 42]]",39
722,32,44,"[[720, 36]]","[[727, 42]]",39
723,32,44,"[[720, 36]]","[[728, 42]]",39
724,32,44,"[[720, 36]]","[[729, 42]]",39
725,32,44,"[[720, 36]]","[[730, 42]]",39
726,32,42,"[[721, 42]]","[[731, 18]]",44
727,32,42,"[[722, 42]]","[[731, 18]]",44
728,32,42,"[[723, 42]]","[[731, 18]]",44
729,32,42,"[[724, 42]]","[[731, 18]]",44
730,32,42,"[[725, 42]]","[[731, 18]]",44
731,32,43,"[[726, 18], [727, 18], [728, 18], [729, 18], [730, 18]]",[],270
732,33,20,[],"[[736, 7], [737, 7], [744, 14]]",26
733,33,20,[],"[[736, 7], [737, 7], [738, 7], [740, 7], [745, 14]]",26
734,33,20,[],"[[738, 7], [739, 7], [746, 14]]",26
735,33,20,[],"[[739, 7], [740, 7], [741, 7], [747, 14]]",26
736,33,21,"[[732, 7], [733, 7]]","[[742, 44]]",19
737,33,21,"[[732, 7], [733, 7]]","[[742, 44]]",19
738,33,21,"[[733, 7], [734, 7]]","[[742, 44]]",19
739,33,21,"[[734, 7], [735, 7]]","[[742, 44]]",19
740,33,21,"[[733, 7], [735, 7]]","[[742, 44]]",19
741,33,21,"[[735, 7]]","[[742, 44]]",19
742,33,22,"[[736, 44], [737, 44], [738, 44], [739, 44], [740, 44], [741, 44], [743, 34]]",[],609
743,33,23,[],"[[742, 34], [747, 14], [746, 14], [745, 14], [744, 14]]",9
744,33,24,"[[732, 14], [743, 14]]","[[748, 33]]",50
745,33,24,"[[733, 14], [743, 14]]","[[748, 33]]",50
746,33,24,"[[734, 14], [743, 14]]","[[748, 33]]",50
747,33,24,"[[735, 14], [743, 14]]","[[748, 33]]",50
748,33,25,"[[744, 33], [745, 33], [746, 33], [747, 33]]","[[749, 40]]",260
749,33,26,"[[748, 40]]","[[750, 44]]",64
750,33,27,"[[749, 44]]","[[751, 26]]",68
751,33,28,"[[750, 26]]",[],46
752,34,29,[],"[[757, 41], [756, 41], [755, 41], [754, 41]]",21
753,34,29,[],"[[761, 41], [760, 41], [759, 41], [758, 41]]",21
754,34,30,"[[752, 41]]","[[762, 7], [763, 27]]",88
755,34,30,"[[752, 41]]","[[762, 7], [764, 27]]",88
756,34,30,"[[752, 41]]","[[762, 7], [765, 27]]",88
757,34,30,"[[752, 41]]","[[762, 7], [766, 27]]",88
758,34,30,"[[753, 41]]","[[762, 7], [767, 27]]",88
759,34,30,"[[753, 41]]","[[762, 7], [768, 27]]",88
760,34,30,"[[753, 41]]","[[762, 7], [769, 27]]",88
761,34,30,"[[753, 41]]","[[762, 7], [770, 27]]",88
762,34,31,"[[754, 7], [755, 7], [756, 7], [757, 7], [758, 7], [759, 7], [760, 7], [761, 7]]","[[771, 34]]",35
763,34,32,"[[754, 27]]","[[771, 34]]",36
764,34,32,"[[755, 27]]","[[771, 34]]",36
765,34,32,"[[756, 27]]","[[771, 34]]",36
766,34,32,"[[757, 27]]","[[771, 34]]",36
767,34,32,"[[758, 27]]","[[771, 34]]",36
768,34,32,"[[759, 27]]","[[771, 34]]",36
769,34,32,"[[760, 27]]","[[771, 34]]",36
770,34,32,"[[761, 27]]","[[771, 34]]",36
771,34,33,"[[762, 34], [763, 34], [764, 34], [765, 34], [766, 34], [767, 34], [768, 34], [769, 34], [770, 34]]",[],270
772,35,10,[],"[[773, 12], [774, 12], [775, 12]]",27
773,35,11,"[[772, 12]]","[[776, 35]]",24
774,35,11,"[[772, 12]]","[[777, 35]]",24
775,35,11,"[[772, 12]]","[[778, 35]]",24
776,35,12,"[[773, 35]]","[[779, 4]]",69
777,35,12,"[[774, 35]]","[[780, 4]]",69
778,35,12,"[[775, 35]]","[[781, 4]]",69
779,35,13,"[[776, 4]]",[],19
780,35,13,"[[777, 4]]",[],19
781,35,13,"[[778, 4]]",[],19
782,36,34,[],"[[784, 23], [788, 46]]",17
783,36,35,[],"[[785, 23], [791, 46]]",15
784,36,36,"[[782, 23]]","[[787, 46], [786, 46]]",12
785,36,36,"[[783, 23]]","[[790, 46], [789, 46]]",12
786,36,37,"[[784, 46]]","[[792, 15]]",60
787,36,38,"[[784, 46]]","[[793, 15]]",76
788,36,39,"[[782, 46]]","[[794, 15]]",64
789,36,37,"[[785, 46]]","[[795, 15]]",60
790,36,38,"[[785, 46]]","[[796, 15]]",76
791,36,39,"[[783, 46]]","[[797, 15]]",64
792,36,40,"[[786, 15]]",[],29
793,36,40,"[[787, 15]]",[],29
794,36,40,"[[788, 15]]",[],29
795,36,40,"[[789, 15]]",[],29
796,36,40,"[[790, 15]]",[],29
797,36,40,"[[791, 15]]",[],29
798,37,0,[],"[[801, 9], [802, 9]]",21
799,37,0,[],"[[801, 10], [802, 10]]",21
800,37,0,[],"[[801, 20], [802, 20]]",21
801,37,6,"[[798, 9], [799, 10], [800, 20]]","[[803, 44]]",42
802,37,6,"[[798, 9], [799, 10], [800, 20]]","[[803, 44]]",42
803,37,2,"[[801, 44], [802, 44]]",[],152
804,38,20,[],"[[808, 29], [809, 29], [816, 16]]",26
805,38,20,[],"[[808, 29], [809, 29], [810, 29], [812, 29], [817, 16]]",26
806,38,20,[],"[[810, 29], [811, 29], [818, 16]]",26
807,38,20,[],"[[811, 29], [812, 29], [813, 29], [819, 16]]",26
808,38,21,"[[804, 29], [805, 29]]","[[814, 48]]",95
809,38,21,"[[804, 29], [805, 29]]","[[814, 48]]",95
810,38,21,"[[805, 29], [806, 29]]","[[814, 48]]",95
811,38,21,"[[806, 29], [807, 29]]","[[814, 48]]",95
812,38,21,"[[805, 29], [807, 29]]","[[814, 48]]",95
813,38,21,"[[807, 29]]","[[814, 48]]",38
814,38,22,"[[808, 48], [809, 48], [810, 48], [811, 48], [812, 48], [813, 48], [815, 37]]",[],672
815,38,23,[],"[[814, 37], [819, 16], [818, 16], [817, 16], [816, 16]]",9
816,38,24,"[[804, 16], [815, 16]]","[[820, 30]]",75
817,38,24,"[[805, 16], [815, 16]]","[[820, 30]]",75
818,38,24,"[[806, 16], [815, 16]]","[[820, 30]]",75
819,38,24,"[[807, 16], [815, 16]]","[[820, 30]]",75
820,38,25,"[[816, 30], [817, 30], [818, 30], [819, 30]]","[[821, 33]]",240
821,38,26,"[[820, 33]]","[[822, 21]]",48
822,38,27,"[[821, 21]]","[[823, 38]]",34
823,38,28,"[[822, 38]]",[],69
824,39,10,[],"[[825, 19], [826, 19]]",27
825,39,11,"[[824, 19]]","[[827, 18]]",24
826,39,11,"[[824, 19]]","[[828, 18]]",24
827,39,12,"[[825, 18]]","[[829, 11]]",23
828,39,12,"[[826, 18]]","[[830, 11]]",23
829,39,13,"[[827, 11]]","[[831, 25]]",19
830,39,13,"[[828, 11]]","[[832, 25]]",19
831,39,14,"[[829, 25]]",[],60
832,39,14,"[[830, 25]]",[],60
833,40,10,[],"[[834, 5]]",27
834,40,11,"[[833, 5]]","[[835, 28], [836, 28], [837, 28], [838, 28], [839, 28], [840, 28], [841, 28], [842, 28], [843, 28]]",24
835,40,12,"[[834, 28]]",[],46
836,40,12,"[[834, 28]]",[],46
837,40,12,"[[834, 28]]",[],46
838,40,12,"[[834, 28]]",[],46
839,40,12,"[[834, 28]]","[[844, 44]]",46
840,40,12,"[[834, 28]]",[],46
841,40,12,"[[834, 28]]",[],46
842,40,12,"[[834, 28]]",[],46
843,40,12,"[[834, 28]]",[],46
844,40,13,"[[839, 44]]","[[845, 1], [846, 1], [847, 1], [848, 1], [849, 1], [850, 1], [851, 1], [852, 1], [853, 1]]",76
845,40,14,"[[844, 1]]",[],30
846,40,14,"[[844, 1]]",[],30
847,40,14,"[[844, 1]]",[],30
848,40,14,"[[844, 1]]",[],30
849,40,14,"[[844, 1]]",[],30
850,40,14,"[[844, 1]]",[],30
851,40,14,"[[844, 1]]",[],30
852,40,14,"[[844, 1]]",[],30
853,40,14,"[[844, 1]]",[],30
854,41,10,[],"[[855, 45], [856, 45]]",27
855,41,11,"[[854, 45]]","[[857, 10], [858, 10]]",96
856,41,11,"[[854, 45]]","[[859, 10], [860, 10]]",96
857,41,12,"[[855, 10]]","[[861, 23], [862, 23]]",23
858,41,12,"[[855, 10]]","[[863, 23], [864, 23]]",23
859,41,12,"[[856, 10]]","[[865, 23], [866, 23]]",23
860,41,12,"[[856, 10]]","[[867, 23], [868, 23]]",23
861,41,13,"[[857, 23]]",[],38
862,41,13,"[[857, 23]]",[],38
863,41,13,"[[858, 23]]",[],38
864,41,13,"[[858, 23]]",[],38
865,41,13,"[[859, 23]]",[],38
866,41,13,"[[859, 23]]",[],38
867,41,13,"[[860, 23]]",[],38
868,41,13,"[[860, 23]]",[],38
869,42,10,[],"[[870, 21]]",27
870,42,11,"[[869, 21]]","[[871, 30], [872, 30], [873, 30], [874, 30], [875, 30], [876, 30], [877, 30], [878, 30], [879, 30]]",48
871,42,12,"[[870, 30]]",[],69
872,42,12,"[[870, 30]]",[],69
873,42,12,"[[870, 30]]",[],69
874,42,12,"[[870, 30]]",[],69
875,42,12,"[[870, 30]]","[[880, 49]]",69
876,42,12,"[[870, 30]]",[],69
877,42,12,"[[870, 30]]",[],69
878,42,12,"[[870, 30]]",[],69
879,42,12,"[[870, 30]]",[],69
880,42,13,"[[875, 49]]","[[881, 11], [882, 11], [883, 11], [884, 11], [885, 11], [886, 11], [887, 11], [888, 11], [889, 11]]",76
881,42,14,"[[880, 11]]",[],30
882,42,14,"[[880, 11]]",[],30
883,42,14,"[[880, 11]]",[],30
884,42,14,"[[880, 11]]",[],30
885,42,14,"[[880, 11]]",[],30
886,42,14,"[[880, 11]]",[],30
887,42,14,"[[880, 11]]",[],30
888,42,14,"[[880, 11]]",[],30
889,42,14,"[[880, 11]]",[],30
890,43,20,[],"[[894, 44], [895, 44], [902, 23]]",26
891,43,20,[],"[[894, 44], [895, 44], [896, 44], [898, 44], [903, 23]]",26
892,43,20,[],"[[896, 44], [897, 44], [904, 23]]",26
893,43,20,[],"[[897, 44], [898, 44], [899, 44], [905, 23]]",26
894,43,21,"[[890, 44], [891, 44]]","[[900, 43]]",152
895,43,21,"[[890, 44], [891, 44]]","[[900, 43]]",152
896,43,21,"[[891, 44], [892, 44]]","[[900, 43]]",152
897,43,21,"[[892, 44], [893, 44]]","[[900, 43]]",152
898,43,21,"[[891, 44], [893, 44]]","[[900, 43]]",152
899,43,21,"[[893, 44]]","[[900, 43]]",76
900,43,22,"[[894, 43], [895, 43], [896, 43], [897, 43], [898, 43], [899, 43], [901, 37]]",[],609
901,43,23,[],"[[900, 37], [905, 23], [904, 23], [903, 23], [902, 23]]",9
902,43,24,"[[890, 23], [901, 23]]","[[906, 1]]",100
903,43,24,"[[891, 23], [901, 23]]","[[906, 1]]",100
904,43,24,"[[892, 23], [901, 23]]","[[906, 1]]",100
905,43,24,"[[893, 23], [901, 23]]","[[906, 1]]",100
906,43,25,"[[902, 1], [903, 1], [904, 1], [905, 1]]","[[907, 44]]",20
907,43,26,"[[906, 44]]","[[908, 41]]",64
908,43,27,"[[907, 41]]","[[909, 48]]",68
909,43,28,"[[908, 48]]",[],92
910,44,10,[],"[[911, 41], [912, 41]]",27
911,44,11,"[[910, 41]]","[[913, 37], [914, 37]]",96
912,44,11,"[[910, 41]]","[[915, 37], [916, 37]]",96
913,44,12,"[[911, 37]]",[],69
914,44,12,"[[911, 37]]",[],69
915,44,12,"[[912, 37]]",[],69
916,44,12,"[[912, 37]]",[],69
917,45,29,[],"[[922, 25], [921, 25], [920, 25], [919, 25]]",21
918,45,29,[],"[[926, 25], [925, 25], [924, 25], [923, 25]]",21
919,45,30,"[[917, 25]]","[[927, 26], [928, 24]]",44
920,45,30,"[[917, 25]]","[[927, 26], [929, 24]]",44
921,45,30,"[[917, 25]]","[[927, 26], [930, 24]]",44
922,45,30,"[[917, 25]]","[[927, 26], [931, 24]]",44
923,45,30,"[[918, 25]]","[[927, 26], [932, 24]]",44
924,45,30,"[[918, 25]]","[[927, 26], [933, 24]]",44
925,45,30,"[[918, 25]]","[[927, 26], [934, 24]]",44
926,45,30,"[[918, 25]]","[[927, 26], [935, 24]]",44
927,45,31,"[[919, 26], [920, 26], [921, 26], [922, 26], [923, 26], [924, 26], [925, 26], [926, 26]]","[[936, 28]]",140
928,45,32,"[[919, 24]]","[[936, 28]]",36
929,45,32,"[[920, 24]]","[[936, 28]]",36
930,45,32,"[[921, 24]]","[[936, 28]]",36
931,45,32,"[[922, 24]]","[[936, 28]]",36
932,45,32,"[[923, 24]]","[[936, 28]]",36
933,45,32,"[[924, 24]]","[[936, 28]]",36
934,45,32,"[[925, 24]]","[[936, 28]]",36
935,45,32,"[[926, 24]]","[[936, 28]]",36
936,45,33,"[[927, 28], [928, 28], [929, 28], [930, 28], [931, 28], [932, 28], [933, 28], [934, 28], [935, 28]]",[],225
937,46,1,[],"[[938, 4]]",14
938,46,5,"[[937, 4]]","[[939, 7]]",18
939,46,4,"[[938, 7]]","[[940, 3]]",19
940,46,1,"[[939, 3]]","[[941, 23]]",14
941,46,2,"[[940, 23]]","[[942, 14], [946, 33]]",38
942,46,1,"[[941, 14]]","[[943, 47], [945, 44]]",14
943,46,4,"[[942, 47]]","[[944, 2]]",76
944,46,1,"[[943, 2]]","[[945, 41]]",14
945,46,5,"[[942, 44], [944, 41]]","[[946, 29]]",144
946,46,4,"[[941, 33], [945, 29]]","[[947, 49]]",114
947,46,1,"[[946, 49]]","[[948, 4]]",56
948,46,2,"[[947, 4]]","[[949, 49], [953, 39]]",19
949,46,1,"[[948, 49]]","[[950, 38], [952, 9]]",56
950,46,4,"[[949, 38]]","[[951, 33]]",57
951,46,1,"[[950, 33]]","[[952, 29]]",42
952,46,5,"[[949, 9], [951, 29]]","[[953, 42]]",54
953,46,4,"[[948, 39], [952, 42]]","[[954, 30]]",152
954,46,1,"[[953, 30]]","[[955, 27]]",42
955,46,2,"[[954, 27]]","[[956, 17], [960, 14]]",38
956,46,1,"[[955, 17]]","[[957, 4], [959, 4]]",14
957,46,4,"[[956, 4]]","[[958, 40]]",19
958,46,1,"[[957, 40]]","[[959, 32]]",56
959,46,5,"[[956, 4], [958, 32]]","[[960, 40]]",54
960,46,4,"[[955, 14], [959, 40]]","[[961, 41]]",95
961,46,1,"[[960, 41]]","[[962, 16]]",56
962,46,2,"[[961, 16]]","[[963, 48]]",19
963,46,1,"[[962, 48]]","[[964, 19]]",56
964,46,4,"[[963, 19]]",[],19
965,47,34,[],"[[967, 11], [971, 43]]",17
966,47,35,[],"[[968, 11], [974, 43]]",15
967,47,36,"[[965, 11]]","[[970, 43], [969, 43]]",6
968,47,36,"[[966, 11]]","[[973, 43], [972, 43]]",6
969,47,37,"[[967, 43]]","[[975, 39]]",60
970,47,38,"[[967, 43]]","[[976, 39]]",76
971,47,39,"[[965, 43]]","[[977, 39]]",64
972,47,37,"[[968, 43]]","[[978, 39]]",60
973,47,38,"[[968, 43]]","[[979, 39]]",76
974,47,39,"[[966, 43]]","[[980, 39]]",64
975,47,40,"[[969, 39]]",[],87
976,47,40,"[[970, 39]]",[],87
977,47,40,"[[971, 39]]",[],87
978,47,40,"[[972, 39]]",[],87
979,47,40,"[[973, 39]]",[],87
980,47,40,"[[974, 39]]",[],87
981,48,29,[],"[[986, 46], [985, 46], [984, 46], [983, 46]]",21
982,48,29,[],"[[990, 46], [989, 46], [988, 46], [987, 46]]",21
983,48,30,"[[981, 46]]","[[991, 21], [992, 3]]",88
984,48,30,"[[981, 46]]","[[991, 21], [993, 3]]",88
985,48,30,"[[981, 46]]","[[991, 21], [994, 3]]",88
986,48,30,"[[981, 46]]","[[991, 21], [995, 3]]",88
987,48,30,"[[982, 46]]","[[991, 21], [996, 3]]",88
988,48,30,"[[982, 46]]","[[991, 21], [997, 3]]",88
989,48,30,"[[982, 46]]","[[991, 21], [998, 3]]",88
990,48,30,"[[982, 46]]","[[991, 21], [999, 3]]",88
991,48,31,"[[983, 21], [984, 21], [985, 21], [986, 21], [987, 21], [988, 21], [989, 21], [990, 21]]","[[1000, 26]]",112
992,48,32,"[[983, 3]]","[[1000, 26]]",18
993,48,32,"[[984, 3]]","[[1000, 26]]",18
994,48,32,"[[985, 3]]","[[1000, 26]]",18
995,48,32,"[[986, 3]]","[[1000, 26]]",18
996,48,32,"[[987, 3]]","[[1000, 26]]",18
997,48,32,"[[988, 3]]","[[1000, 26]]",18
998,48,32,"[[989, 3]]","[[1000, 26]]",18
999,48,32,"[[990, 3]]","[[1000, 26]]",18
1000,48,33,"[[991, 26], [992, 26], [993, 26], [994, 26], [995, 26], [996, 26], [997, 26], [998, 26], [999, 26]]",[],207
1001,49,29,[],"[[1006, 34], [1005, 34], [1004, 34], [1003, 34]]",21
1002,49,29,[],"[[1010, 34], [1009, 34], [1008, 34], [1007, 34]]",21
1003,49,30,"[[1001, 34]]","[[1011, 21], [1012, 17]]",66
1004,49,30,"[[1001, 34]]","[[1011, 21], [1013, 17]]",66
1005,49,30,"[[1001, 34]]","[[1011, 21], [1014, 17]]",66
1006,49,30,"[[1001, 34]]","[[1011, 21], [1015, 17]]",66
1007,49,30,"[[1002, 34]]","[[1011, 21], [1016, 17]]",66
1008,49,30,"[[1002, 34]]","[[1011, 21], [1017, 17]]",66
1009,49,30,"[[1002, 34]]","[[1011, 21], [1018, 17]]",66
1010,49,30,"[[1002, 34]]","[[1011, 21], [1019, 17]]",66
1011,49,31,"[[1003, 21], [1004, 21], [1005, 21], [1006, 21], [1007, 21], [1008, 21], [1009, 21], [1010, 21]]","[[1020, 17]]",112
1012,49,32,"[[1003, 17]]","[[1020, 17]]",18
1013,49,32,"[[1004, 17]]","[[1020, 17]]",18
1014,49,32,"[[1005, 17]]","[[1020, 17]]",18
1015,49,32,"[[1006, 17]]","[[1020, 17]]",18
1016,49,32,"[[1007, 17]]","[[1020, 17]]",18
1017,49,32,"[[1008, 17]]","[[1020, 17]]",18
1018,49,32,"[[1009, 17]]","[[1020, 17]]",18
1019,49,32,"[[1010, 17]]","[[1020, 17]]",18
1020,49,33,"[[1011, 17], [1012, 17], [1013, 17], [1014, 17], [1015, 17], [1016, 17], [1017, 17], [1018, 17], [1019, 17]]",[],135
1021,50,10,[],"[[1022, 31], [1023, 31], [1024, 31], [1025, 31]]",27
1022,50,11,"[[1021, 31]]","[[1026, 31]]",72
1023,50,11,"[[1021, 31]]","[[1027, 31]]",72
1024,50,11,"[[1021, 31]]","[[1028, 31]]",72
1025,50,11,"[[1021, 31]]","[[1029, 31]]",72
1026,50,12,"[[1022, 31]]",[],69
1027,50,12,"[[1023, 31]]",[],69
1028,50,12,"[[1024, 31]]",[],69
1029,50,12,"[[1025, 31]]",[],69
1030,51,20,[],"[[1034, 17], [1035, 17], [1042, 48]]",26
1031,51,20,[],"[[1034, 17], [1035, 17], [1036, 17], [1038, 17], [1043, 48]]",26
1032,51,20,[],"[[1036, 17], [1037, 17], [1044, 48]]",26
1033,51,20,[],"[[1037, 17], [1038, 17], [1039, 17], [1045, 48]]",26
1034,51,21,"[[1030, 17], [1031, 17]]","[[1040, 10]]",57
1035,51,21,"[[1030, 17], [1031, 17]]","[[1040, 10]]",57
1036,51,21,"[[1031, 17], [1032, 17]]","[[1040, 10]]",57
1037,51,21,"[[1032, 17], [1033, 17]]","[[1040, 10]]",57
1038,51,21,"[[1031, 17], [1033, 17]]","[[1040, 10]]",57
1039,51,21,"[[1033, 17]]","[[1040, 10]]",19
1040,51,22,"[[1034, 10], [1035, 10], [1036, 10], [1037, 10], [1038, 10], [1039, 10], [1041, 35]]",[],189
1041,51,23,[],"[[1040, 35], [1045, 48], [1044, 48], [1043, 48], [1042, 48]]",9
1042,51,24,"[[1030, 48], [1041, 48]]","[[1046, 17]]",225
1043,51,24,"[[1031, 48], [1041, 48]]","[[1046, 17]]",225
1044,51,24,"[[1032, 48], [1041, 48]]","[[1046, 17]]",225
1045,51,24,"[[1033, 48], [1041, 48]]","[[1046, 17]]",225
1046,51,25,"[[1042, 17], [1043, 17], [1044, 17], [1045, 17]]","[[1047, 45]]",120
1047,51,26,"[[1046, 45]]","[[1048, 43]]",64
1048,51,27,"[[1047, 43]]","[[1049, 45]]",68
1049,51,28,"[[1048, 45]]",[],92
1050,52,2,[],"[[1054, 9]]",19
1051,52,2,[],"[[1054, 9]]",19
1052,52,2,[],"[[1054, 9]]",19
1053,52,2,[],"[[1054, 9]]",19
1054,52,0,"[[1050, 9], [1051, 9], [1052, 9], [1053, 9]]","[[1055, 35], [1056, 35], [1057, 35], [1058, 35]]",63
1055,52,1,"[[1054, 35]]","[[1059, 12]]",42
1056,52,1,"[[1054, 35]]","[[1059, 12]]",42
1057,52,1,"[[1054, 35]]","[[1059, 12]]",42
1058,52,1,"[[1054, 35]]","[[1059, 12]]",42
1059,52,6,"[[1055, 12], [1056, 12], [1057, 12], [1058, 12]]","[[1060, 8]]",56
1060,52,7,"[[1059, 8]]","[[1061, 2], [1062, 2], [1063, 2], [1064, 2], [1065, 2]]",6
1061,52,3,"[[1060, 2]]","[[1066, 35]]",27
1062,52,3,"[[1060, 2]]","[[1066, 35]]",27
1063,52,3,"[[1060, 2]]","[[1066, 35]]",27
1064,52,3,"[[1060, 2]]","[[1066, 35]]",27
1065,52,3,"[[1060, 2]]","[[1066, 35]]",27
1066,52,5,"[[1061, 35], [1062, 35], [1063, 35], [1064, 35], [1065, 35]]",[],306
1067,53,10,[],"[[1068, 40], [1069, 40], [1070, 40], [1071, 40]]",27
1068,53,11,"[[1067, 40]]","[[1072, 9]]",96
1069,53,11,"[[1067, 40]]","[[1073, 9]]",96
1070,53,11,"[[1067, 40]]","[[1074, 9]]",96
1071,53,11,"[[1067, 40]]","[[1075, 9]]",96
1072,53,12,"[[1068, 9]]","[[1076, 32]]",23
1073,53,12,"[[1069, 9]]","[[1077, 32]]",23
1074,53,12,"[[1070, 9]]","[[1078, 32]]",23
1075,53,12,"[[1071, 9]]","[[1079, 32]]",23
1076,53,13,"[[1072, 32]]",[],57
1077,53,13,"[[1073, 32]]",[],57
1078,53,13,"[[1074, 32]]",[],57
1079,53,13,"[[1075, 32]]",[],57
1080,54,41,[],"[[1085, 30]]",18
1081,54,41,[],"[[1086, 30]]",18
1082,54,41,[],"[[1087, 30]]",18
1083,54,41,[],"[[1088, 30]]",18
1084,54,41,[],"[[1089, 30]]",18
1085,54,42,"[[1080, 30]]","[[1090, 6]]",33
1086,54,42,"[[1081, 30]]","[[1090, 6]]",33
1087,54,42,"[[1082, 30]]","[[1090, 6]]",33
1088,54,42,"[[1083, 30]]","[[1090, 6]]",33
1089,54,42,"[[1084, 30]]","[[1090, 6]]",33
1090,54,43,"[[1085, 6], [1086, 6], [1087, 6], [1088, 6], [1089, 6]]","[[1095, 50], [1094, 50], [1093, 50], [1092, 50], [1091, 50]]",90
1091,54,44,"[[1090, 50]]","[[1096, 21]]",65
1092,54,44,"[[1090, 50]]","[[1097, 21]]",65
1093,54,44,"[[1090, 50]]","[[1098, 21]]",65
1094,54,44,"[[1090, 50]]","[[1099, 21]]",65
1095,54,44,"[[1090, 50]]","[[1100, 21]]",65
1096,54,42,"[[1091, 21]]","[[1101, 25]]",22
1097,54,42,"[[1092, 21]]","[[1101, 25]]",22
1098,54,42,"[[1093, 21]]","[[1101, 25]]",22
1099,54,42,"[[1094, 21]]","[[1101, 25]]",22
1100,54,42,"[[1095, 21]]","[[1101, 25]]",22
1101,54,43,"[[1096, 25], [1097, 25], [1098, 25], [1099, 25], [1100, 25]]",[],360
1102,55,29,[],"[[1107, 26], [1106, 26], [1105, 26], [1104, 26]]",21
1103,55,29,[],"[[1111, 26], [1110, 26], [1109, 26], [1108, 26]]",21
1104,55,30,"[[1102, 26]]","[[1112, 1], [1113, 14]]",44
1105,55,30,"[[1102, 26]]","[[1112, 1], [1114, 14]]",44
1106,55,30,"[[1102, 26]]","[[1112, 1], [1115, 14]]",44
1107,55,30,"[[1102, 26]]","[[1112, 1], [1116, 14]]",44
1108,55,30,"[[1103, 26]]","[[1112, 1], [1117, 14]]",44
1109,55,30,"[[1103, 26]]","[[1112, 1], [1118, 14]]",44
1110,55,30,"[[1103, 26]]","[[1112, 1], [1119, 14]]",44
1111,55,30,"[[1103, 26]]","[[1112, 1], [1120, 14]]",44
1112,55,31,"[[1104, 1], [1105, 1], [1106, 1], [1107, 1], [1108, 1], [1109, 1], [1110, 1], [1111, 1]]","[[1121, 49]]",7
1113,55,32,"[[1104, 14]]","[[1121, 49]]",18
1114,55,32,"[[1105, 14]]","[[1121, 49]]",18
1115,55,32,"[[1106, 14]]","[[1121, 49]]",18
1116,55,32,"[[1107, 14]]","[[1121, 49]]",18
1117,55,32,"[[1108, 14]]","[[1121, 49]]",18
1118,55,32,"[[1109, 14]]","[[1121, 49]]",18
1119,55,32,"[[1110, 14]]","[[1121, 49]]",18
1120,55,32,"[[1111, 14]]","[[1121, 49]]",18
1121,55,33,"[[1112, 49], [1113, 49], [1114, 49], [1115, 49], [1116, 49], [1117, 49], [1118, 49], [1119, 49], [1120, 49]]",[],396
1122,56,10,[],"[[1123, 35]]",27
1123,56,11,"[[1122, 35]]","[[1124, 19], [1125, 19], [1126, 19], [1127, 19], [1128, 19], [1129, 19], [1130, 19], [1131, 19], [1132, 19]]",72
1124,56,12,"[[1123, 19]]",[],23
1125,56,12,"[[1123, 19]]",[],23
1126,56,12,"[[1123, 19]]",[],23
1127,56,12,"[[1123, 19]]",[],23
1128,56,12,"[[1123, 19]]","[[1133, 30]]",23
1129,56,12,"[[1123, 19]]",[],23
1130,56,12,"[[1123, 19]]",[],23
1131,56,12,"[[1123, 19]]",[],23
1132,56,12,"[[1123, 19]]",[],23
1133,56,13,"[[1128, 30]]","[[1134, 32], [1135, 32], [1136, 32], [1137, 32], [1138, 32], [1139, 32], [1140, 32], [1141, 32], [1142, 32]]",57
1134,56,14,"[[1133, 32]]",[],90
1135,56,14,"[[1133, 32]]",[],90
1136,56,14,"[[1133, 32]]",[],90
1137,56,14,"[[1133, 32]]",[],90
1138,56,14,"[[1133, 32]]",[],90
1139,56,14,"[[1133, 32]]",[],90
1140,56,14,"[[1133, 32]]",[],90
1141,56,14,"[[1133, 32]]",[],90
1142,56,14,"[[1133, 32]]",[],90
1143,57,9,[],"[[1148, 11], [1149, 11]]",12
1144,57,9,[],"[[1148, 47], [1149, 47]]",12
1145,57,9,[],"[[1148, 40], [1149, 40]]",12
1146,57,9,[],"[[1148, 21], [1149, 21]]",12
1147,57,9,[],"[[1148, 32], [1149, 32]]",12
1148,57,3,"[[1143, 11], [1144, 47], [1145, 40], [1146, 21], [1147, 32]]","[[1150, 21]]",405
1149,57,3,"[[1143, 11], [1144, 47], [1145, 40], [1146, 21], [1147, 32]]","[[1150, 21]]",405
1150,57,1,"[[1148, 21], [1149, 21]]","[[1151, 44], [1152, 44], [1153, 44], [1154, 44], [1155, 44]]",56
1151,57,6,"[[1150, 44]]","[[1156, 39], [1157, 39], [1158, 39], [1159, 39]]",56
1152,57,6,"[[1150, 44]]","[[1156, 29], [1157, 29], [1158, 29], [1159, 29]]",56
1153,57,6,"[[1150, 44]]","[[1156, 43], [1157, 43], [1158, 43], [1159, 43]]",56
1154,57,6,"[[1150, 44]]","[[1156, 15], [1157, 15], [1158, 15], [1159, 15]]",56
1155,57,6,"[[1150, 44]]","[[1156, 1], [1157, 1], [1158, 1], [1159, 1]]",56
1156,57,1,"[[1151, 39], [1152, 29], [1153, 43], [1154, 15], [1155, 1]]","[[1160, 33]]",168
1157,57,1,"[[1151, 39], [1152, 29], [1153, 43], [1154, 15], [1155, 1]]","[[1160, 33]]",168
1158,57,1,"[[1151, 39], [1152, 29], [1153, 43], [1154, 15], [1155, 1]]","[[1160, 33]]",168
1159,57,1,"[[1151, 39], [1152, 29], [1153, 43], [1154, 15], [1155, 1]]","[[1160, 33]]",168
1160,57,8,"[[1156, 33], [1157, 33], [1158, 33], [1159, 33]]","[[1161, 38], [1162, 38], [1163, 38], [1164, 38]]",325
1161,57,2,"[[1160, 38]]","[[1165, 2]]",57
1162,57,2,"[[1160, 38]]","[[1165, 2]]",57
1163,57,2,"[[1160, 38]]","[[1165, 2]]",57
1164,57,2,"[[1160, 38]]","[[1165, 2]]",57
1165,57,7,"[[1161, 2], [1162, 2], [1163, 2], [1164, 2]]",[],6
1166,58,10,[],"[[1167, 6]]",27
1167,58,11,"[[1166, 6]]","[[1168, 34]]",24
1168,58,12,"[[1167, 34]]","[[1169, 28]]",69
1169,58,13,"[[1168, 28]]","[[1170, 11]]",38
1170,58,14,"[[1169, 11]]","[[1171, 32]]",30
1171,58,15,"[[1170, 32]]","[[1172, 49]]",30
1172,58,16,"[[1171, 49]]",[],64
1173,59,41,[],"[[1178, 47]]",18
1174,59,41,[],"[[1179, 47]]",18
1175,59,41,[],"[[1180, 47]]",18
1176,59,41,[],"[[1181, 47]]",18
1177,59,41,[],"[[1182, 47]]",18
1178,59,42,"[[1173, 47]]","[[1183, 8]]",44
1179,59,42,"[[1174, 47]]","[[1183, 8]]",44
1180,59,42,"[[1175, 47]]","[[1183, 8]]",44
1181,59,42,"[[1176, 47]]","[[1183, 8]]",44
1182,59,42,"[[1177, 47]]","[[1183, 8]]",44
1183,59,43,"[[1178, 8], [1179, 8], [1180, 8], [1181, 8], [1182, 8]]","[[1188, 17], [1187, 17], [1186, 17], [1185, 17], [1184, 17]]",120
1184,59,44,"[[1183, 17]]","[[1189, 21]]",13
1185,59,44,"[[1183, 17]]","[[1190, 21]]",13
1186,59,44,"[[1183, 17]]","[[1191, 21]]",13
1187,59,44,"[[1183, 17]]","[[1192, 21]]",13
1188,59,44,"[[1183, 17]]","[[1193, 21]]",13
1189,59,42,"[[1184, 21]]","[[1194, 27]]",22
1190,59,42,"[[1185, 21]]","[[1194, 27]]",22
1191,59,42,"[[1186, 21]]","[[1194, 27]]",22
1192,59,42,"[[1187, 21]]","[[1194, 27]]",22
1193,59,42,"[[1188, 21]]","[[1194, 27]]",22
1194,59,43,"[[1189, 27], [1190, 27], [1191, 27], [1192, 27], [1193, 27]]",[],390
1195,60,5,[],"[[1196, 47], [1197, 47], [1198, 47], [1199, 47], [1200, 47]]",18
1196,60,2,"[[1195, 47]]","[[1201, 29]]",76
1197,60,2,"[[1195, 47]]","[[1201, 29]]",76
1198,60,2,"[[1195, 47]]","[[1201, 29]]",76
1199,60,2,"[[1195, 47]]","[[1201, 29]]",76
1200,60,2,"[[1195, 47]]","[[1201, 29]]",76
1201,60,7,"[[1196, 29], [1197, 29], [1198, 29], [1199, 29], [1200, 29]]",[],84
1202,61,34,[],"[[1204, 13], [1208, 1]]",17
1203,61,35,[],"[[1205, 13], [1211, 1]]",15
1204,61,36,"[[1202, 13]]","[[1207, 1], [1206, 1]]",6
1205,61,36,"[[1203, 13]]","[[1210, 1], [1209, 1]]",6
1206,61,37,"[[1204, 1]]","[[1212, 25]]",15
1207,61,38,"[[1204, 1]]","[[1213, 25]]",19
1208,61,39,"[[1202, 1]]","[[1214, 25]]",16
1209,61,37,"[[1205, 1]]","[[1215, 25]]",15
1210,61,38,"[[1205, 1]]","[[1216, 25]]",19
1211,61,39,"[[1203, 1]]","[[1217, 25]]",16
1212,61,40,"[[1206, 25]]",[],58
1213,61,40,"[[1207, 25]]",[],58
1214,61,40,"[[1208, 25]]",[],58
1215,61,40,"[[1209, 25]]",[],58
1216,61,40,"[[1210, 25]]",[],58
1217,61,40,"[[1211, 25]]",[],58
1218,62,29,[],"[[1223, 29], [1222, 29], [1221, 29], [1220, 29]]",21
1219,62,29,[],"[[1227, 29], [1226, 29], [1225, 29], [1224, 29]]",21
1220,62,30,"[[1218, 29]]","[[1228, 49], [1229, 36]]",44
1221,62,30,"[[1218, 29]]","[[1228, 49], [1230, 36]]",44
1222,62,30,"[[1218, 29]]","[[1228, 49], [1231, 36]]",44
1223,62,30,"[[1218, 29]]","[[1228, 49], [1232, 36]]",44
1224,62,30,"[[1219, 29]]","[[1228, 49], [1233, 36]]",44
1225,62,30,"[[1219, 29]]","[[1228, 49], [1234, 36]]",44
1226,62,30,"[[1219, 29]]","[[1228, 49], [1235, 36]]",44
1227,62,30,"[[1219, 29]]","[[1228, 49], [1236, 36]]",44
1228,62,31,"[[1220, 49], [1221, 49], [1222, 49], [1223, 49], [1224, 49], [1225, 49], [1226, 49], [1227, 49]]","[[1237, 10]]",273
1229,62,32,"[[1220, 36]]","[[1237, 10]]",54
1230,62,32,"[[1221, 36]]","[[1237, 10]]",54
1231,62,32,"[[1222, 36]]","[[1237, 10]]",54
1232,62,32,"[[1223, 36]]","[[1237, 10]]",54
1233,62,32,"[[1224, 36]]","[[1237, 10]]",54
1234,62,32,"[[1225, 36]]","[[1237, 10]]",54
1235,62,32,"[[1226, 36]]","[[1237, 10]]",54
1236,62,32,"[[1227, 36]]","[[1237, 10]]",54
1237,62,33,"[[1228, 10], [1229, 10], [1230, 10], [1231, 10], [1232, 10], [1233, 10], [1234, 10], [1235, 10], [1236, 10]]",[],81
1238,63,10,[],"[[1239, 5]]",27
1239,63,11,"[[1238, 5]]","[[1240, 32]]",24
1240,63,12,"[[1239, 32]]","[[1241, 9]]",69
1241,63,13,"[[1240, 9]]","[[1242, 27]]",19
1242,63,14,"[[1241, 27]]","[[1243, 46]]",60
1243,63,15,"[[1242, 46]]","[[1244, 35]]",40
1244,63,16,"[[1243, 35]]","[[1245, 34]]",48
1245,63,17,"[[1244, 34]]",[],69
1246,64,34,[],"[[1248, 33], [1252, 35]]",17
1247,64,35,[],"[[1249, 33], [1255, 35]]",15
1248,64,36,"[[1246, 33]]","[[1251, 35], [1250, 35]]",18
1249,64,36,"[[1247, 33]]","[[1254, 35], [1253, 35]]",18
1250,64,37,"[[1248, 35]]","[[1256, 12]]",45
1251,64,38,"[[1248, 35]]","[[1257, 12]]",57
1252,64,39,"[[1246, 35]]","[[1258, 12]]",48
1253,64,37,"[[1249, 35]]","[[1259, 12]]",45
1254,64,38,"[[1249, 35]]","[[1260, 12]]",57
1255,64,39,"[[1247, 35]]","[[1261, 12]]",48
1256,64,40,"[[1250, 12]]",[],29
1257,64,40,"[[1251, 12]]",[],29
1258,64,40,"[[1252, 12]]",[],29
1259,64,40,"[[1253, 12]]",[],29
1260,64,40,"[[1254, 12]]",[],29
1261,64,40,"[[1255, 12]]",[],29
1262,65,29,[],"[[1267, 35], [1266, 35], [1265, 35], [1264, 35]]",21
1263,65,29,[],"[[1271, 35], [1270, 35], [1269, 35], [1268, 35]]",21
1264,65,30,"[[1262, 35]]","[[1272, 3], [1273, 41]]",66
1265,65,30,"[[1262, 35]]","[[1272, 3], [1274, 41]]",66
1266,65,30,"[[1262, 35]]","[[1272, 3], [1275, 41]]",66
1267,65,30,"[[1262, 35]]","[[1272, 3], [1276, 41]]",66
1268,65,30,"[[1263, 35]]","[[1272, 3], [1277, 41]]",66
1269,65,30,"[[1263, 35]]","[[1272, 3], [1278, 41]]",66
1270,65,30,"[[1263, 35]]","[[1272, 3], [1279, 41]]",66
1271,65,30,"[[1263, 35]]","[[1272, 3], [1280, 41]]",66
1272,65,31,"[[1264, 3], [1265, 3], [1266, 3], [1267, 3], [1268, 3], [1269, 3], [1270, 3], [1271, 3]]","[[1281, 14]]",14
1273,65,32,"[[1264, 41]]","[[1281, 14]]",72
1274,65,32,"[[1265, 41]]","[[1281, 14]]",72
1275,65,32,"[[1266, 41]]","[[1281, 14]]",72
1276,65,32,"[[1267, 41]]","[[1281, 14]]",72
1277,65,32,"[[1268, 41]]","[[1281, 14]]",72
1278,65,32,"[[1269, 41]]","[[1281, 14]]",72
1279,65,32,"[[1270, 41]]","[[1281, 14]]",72
1280,65,32,"[[1271, 41]]","[[1281, 14]]",72
1281,65,33,"[[1272, 14], [1273, 14], [1274, 14], [1275, 14], [1276, 14], [1277, 14], [1278, 14], [1279, 14], [1280, 14]]",[],108
1282,66,20,[],"[[1286, 47], [1287, 47], [1294, 20]]",26
1283,66,20,[],"[[1286, 47], [1287, 47], [1288, 47], [1290, 47], [1295, 20]]",26
1284,66,20,[],"[[1288, 47], [1289, 47], [1296, 20]]",26
1285,66,20,[],"[[1289, 47], [1290, 47], [1291, 47], [1297, 20]]",26
1286,66,21,"[[1282, 47], [1283, 47]]","[[1292, 19]]",171
1287,66,21,"[[1282, 47], [1283, 47]]","[[1292, 19]]",171
1288,66,21,"[[1283, 47], [1284, 47]]","[[1292, 19]]",171
1289,66,21,"[[1284, 47], [1285, 47]]","[[1292, 19]]",171
1290,66,21,"[[1283, 47], [1285, 47]]","[[1292, 19]]",171
1291,66,21,"[[1285, 47]]","[[1292, 19]]",76
1292,66,22,"[[1286, 19], [1287, 19], [1288, 19], [1289, 19], [1290, 19], [1291, 19], [1293, 4]]",[],231
1293,66,23,[],"[[1292, 4], [1297, 20], [1296, 20], [1295, 20], [1294, 20]]",9
1294,66,24,"[[1282, 20], [1293, 20]]","[[1298, 26]]",100
1295,66,24,"[[1283, 20], [1293, 20]]","[[1298, 26]]",100
1296,66,24,"[[1284, 20], [1293, 20]]","[[1298, 26]]",100
1297,66,24,"[[1285, 20], [1293, 20]]","[[1298, 26]]",100
1298,66,25,"[[1294, 26], [1295, 26], [1296, 26], [1297, 26]]","[[1299, 46]]",200
1299,66,26,"[[1298, 46]]","[[1300, 35]]",64
1300,66,27,"[[1299, 35]]","[[1301, 36]]",51
1301,66,28,"[[1300, 36]]",[],69
1302,67,8,[],"[[1303, 44], [1304, 44]]",25
1303,67,5,"[[1302, 44]]","[[1305, 20]]",72
1304,67,5,"[[1302, 44]]","[[1305, 20]]",72
1305,67,7,"[[1303, 20], [1304, 20]]",[],24
1306,68,41,[],"[[1311, 9]]",18
1307,68,41,[],"[[1312, 9]]",18
1308,68,41,[],"[[1313, 9]]",18
1309,68,41,[],"[[1314, 9]]",18
1310,68,41,[],"[[1315, 9]]",18
1311,68,42,"[[1306, 9]]","[[1316, 13]]",11
1312,68,42,"[[1307, 9]]","[[1316, 13]]",11
1313,68,42,"[[1308, 9]]","[[1316, 13]]",11
1314,68,42,"[[1309, 9]]","[[1316, 13]]",11
1315,68,42,"[[1310, 9]]","[[1316, 13]]",11
1316,68,43,"[[1311, 13], [1312, 13], [1313, 13], [1314, 13], [1315, 13]]","[[1321, 21], [1320, 21], [1319, 21], [1318, 21], [1317, 21]]",180
1317,68,44,"[[1316, 21]]","[[1322, 15]]",26
1318,68,44,"[[1316, 21]]","[[1323, 15]]",26
1319,68,44,"[[1316, 21]]","[[1324, 15]]",26
1320,68,44,"[[1316, 21]]","[[1325, 15]]",26
1321,68,44,"[[1316, 21]]","[[1326, 15]]",26
1322,68,42,"[[1317, 15]]","[[1327, 14]]",11
1323,68,42,"[[1318, 15]]","[[1327, 14]]",11
1324,68,42,"[[1319, 15]]","[[1327, 14]]",11
1325,68,42,"[[1320, 15]]","[[1327, 14]]",11
1326,68,42,"[[1321, 15]]","[[1327, 14]]",11
1327,68,43,"[[1322, 14], [1323, 14], [1324, 14], [1325, 14], [1326, 14]]",[],210
1328,69,10,[],"[[1329, 24], [1330, 24]]",27
1329,69,11,"[[1328, 24]]","[[1331, 24], [1332, 24]]",48
1330,69,11,"[[1328, 24]]","[[1333, 24], [1334, 24]]",48
1331,69,12,"[[1329, 24]]",[],46
1332,69,12,"[[1329, 24]]",[],46
1333,69,12,"[[1330, 24]]",[],46
1334,69,12,"[[1330, 24]]",[],46
1335,70,10,[],"[[1336, 12]]",27
1336,70,11,"[[1335, 12]]","[[1337, 45]]",24
1337,70,12,"[[1336, 45]]","[[1338, 38]]",92
1338,70,13,"[[1337, 38]]",[],57
1339,71,20,[],"[[1343, 35], [1344, 35], [1351, 20]]",26
1340,71,20,[],"[[1343, 35], [1344, 35], [1345, 35], [1347, 35], [1352, 20]]",26
1341,71,20,[],"[[1345, 35], [1346, 35], [1353, 20]]",26
1342,71,20,[],"[[1346, 35], [1347, 35], [1348, 35], [1354, 20]]",26
1343,71,21,"[[1339, 35], [1340, 35]]","[[1349, 33]]",133
1344,71,21,"[[1339, 35], [1340, 35]]","[[1349, 33]]",133
1345,71,21,"[[1340, 35], [1341, 35]]","[[1349, 33]]",133
1346,71,21,"[[1341, 35], [1342, 35]]","[[1349, 33]]",133
1347,71,21,"[[1340, 35], [1342, 35]]","[[1349, 33]]",133
1348,71,21,"[[1342, 35]]","[[1349, 33]]",57
1349,71,22,"[[1343, 33], [1344, 33], [1345, 33], [1346, 33], [1347, 33], [1348, 33], [1350, 38]]",[],483
1350,71,23,[],"[[1349, 38], [1354, 20], [1353, 20], [1352, 20], [1351, 20]]",9
1351,71,24,"[[1339, 20], [1350, 20]]","[[1355, 19]]",100
1352,71,24,"[[1340, 20], [1350, 20]]","[[1355, 19]]",100
1353,71,24,"[[1341, 20], [1350, 20]]","[[1355, 19]]",100
1354,71,24,"[[1342, 20], [1350, 20]]","[[1355, 19]]",100
1355,71,25,"[[1351, 19], [1352, 19], [1353, 19], [1354, 19]]","[[1356, 7]]",140
1356,71,26,"[[1355, 7]]","[[1357, 45]]",16
1357,71,27,"[[1356, 45]]","[[1358, 26]]",68
1358,71,28,"[[1357, 26]]",[],46
1359,72,10,[],"[[1360, 41]]",27
1360,72,11,"[[1359, 41]]","[[1361, 29], [1362, 29], [1363, 29], [1364, 29], [1365, 29], [1366, 29], [1367, 29], [1368, 29], [1369, 29]]",96
1361,72,12,"[[1360, 29]]",[],46
1362,72,12,"[[1360, 29]]",[],46
1363,72,12,"[[1360, 29]]",[],46
1364,72,12,"[[1360, 29]]",[],46
1365,72,12,"[[1360, 29]]","[[1370, 19]]",46
1366,72,12,"[[1360, 29]]",[],46
1367,72,12,"[[1360, 29]]",[],46
1368,72,12,"[[1360, 29]]",[],46
1369,72,12,"[[1360, 29]]",[],46
1370,72,13,"[[1365, 19]]","[[1371, 38], [1372, 38], [1373, 38], [1374, 38], [1375, 38], [1376, 38], [1377, 38], [1378, 38], [1379, 38]]",19
1371,72,14,"[[1370, 38]]",[],90
1372,72,14,"[[1370, 38]]",[],90
1373,72,14,"[[1370, 38]]",[],90
1374,72,14,"[[1370, 38]]",[],90
1375,72,14,"[[1370, 38]]",[],90
1376,72,14,"[[1370, 38]]",[],90
1377,72,14,"[[1370, 38]]",[],90
1378,72,14,"[[1370, 38]]",[],90
1379,72,14,"[[1370, 38]]",[],90
1380,73,10,[],"[[1381, 2], [1382, 2], [1383, 2], [1384, 2]]",27
1381,73,11,"[[1380, 2]]","[[1385, 43], [1386, 43]]",24
1382,73,11,"[[1380, 2]]","[[1387, 43], [1388, 43]]",24
1383,73,11,"[[1380, 2]]","[[1389, 43], [1390, 43]]",24
1384,73,11,"[[1380, 2]]","[[1391, 43], [1392, 43]]",24
1385,73,12,"[[1381, 43]]","[[1393, 18], [1394, 18]]",92
1386,73,12,"[[1381, 43]]","[[1395, 18], [1396, 18]]",92
1387,73,12,"[[1382, 43]]","[[1397, 18], [1398, 18]]",92
1388,73,12,"[[1382, 43]]","[[1399, 18], [1400, 18]]",92
1389,73,12,"[[1383, 43]]","[[1401, 18], [1402, 18]]",92
1390,73,12,"[[1383, 43]]","[[1403, 18], [1404, 18]]",92
1391,73,12,"[[1384, 43]]","[[1405, 18], [1406, 18]]",92
1392,73,12,"[[1384, 43]]","[[1407, 18], [1408, 18]]",92
1393,73,13,"[[1385, 18]]",[],19
1394,73,13,"[[1385, 18]]",[],19
1395,73,13,"[[1386, 18]]",[],19
1396,73,13,"[[1386, 18]]",[],19
1397,73,13,"[[1387, 18]]",[],19
1398,73,13,"[[1387, 18]]",[],19
1399,73,13,"[[1388, 18]]",[],19
1400,73,13,"[[1388, 18]]",[],19
1401,73,13,"[[1389, 18]]",[],19
1402,73,13,"[[1389, 18]]",[],19
1403,73,13,"[[1390, 18]]",[],19
1404,73,13,"[[1390, 18]]",[],19
1405,73,13,"[[1391, 18]]",[],19
1406,73,13,"[[1391, 18]]",[],19
1407,73,13,"[[1392, 18]]",[],19
1408,73,13,"[[1392, 18]]",[],19
1409,74,0,[],"[[1414, 16]]",21
1410,74,0,[],"[[1414, 16]]",21
1411,74,0,[],"[[1414, 16]]",21
1412,74,0,[],"[[1414, 16]]",21
1413,74,0,[],"[[1414, 16]]",21
1414,74,1,"[[1409, 16], [1410, 16], [1411, 16], [1412, 16], [1413, 16]]",[],112
1415,75,29,[],"[[1420, 42], [1419, 42], [1418, 42], [1417, 42]]",21
1416,75,29,[],"[[1424, 42], [1423, 42], [1422, 42], [1421, 42]]",21
1417,75,30,"[[1415, 42]]","[[1425, 7], [1426, 9]]",88
1418,75,30,"[[1415, 42]]","[[1425, 7], [1427, 9]]",88
1419,75,30,"[[1415, 42]]","[[1425, 7], [1428, 9]]",88
1420,75,30,"[[1415, 42]]","[[1425, 7], [1429, 9]]",88
1421,75,30,"[[1416, 42]]","[[1425, 7], [1430, 9]]",88
1422,75,30,"[[1416, 42]]","[[1425, 7], [1431, 9]]",88
1423,75,30,"[[1416, 42]]","[[1425, 7], [1432, 9]]",88
1424,75,30,"[[1416, 42]]","[[1425, 7], [1433, 9]]",88
1425,75,31,"[[1417, 7], [1418, 7], [1419, 7], [1420, 7], [1421, 7], [1422, 7], [1423, 7], [1424, 7]]","[[1434, 7]]",35
1426,75,32,"[[1417, 9]]","[[1434, 7]]",18
1427,75,32,"[[1418, 9]]","[[1434, 7]]",18
1428,75,32,"[[1419, 9]]","[[1434, 7]]",18
1429,75,32,"[[1420, 9]]","[[1434, 7]]",18
1430,75,32,"[[1421, 9]]","[[1434, 7]]",18
1431,75,32,"[[1422, 9]]","[[1434, 7]]",18
1432,75,32,"[[1423, 9]]","[[1434, 7]]",18
1433,75,32,"[[1424, 9]]","[[1434, 7]]",18
1434,75,33,"[[1425, 7], [1426, 7], [1427, 7], [1428, 7], [1429, 7], [1430, 7], [1431, 7], [1432, 7], [1433, 7]]",[],54
1435,76,10,[],"[[1436, 7], [1437, 7], [1438, 7], [1439, 7]]",27
1436,76,11,"[[1435, 7]]","[[1440, 43], [1441, 43]]",24
1437,76,11,"[[1435, 7]]","[[1442, 43], [1443, 43]]",24
1438,76,11,"[[1435, 7]]","[[1444, 43], [1445, 43]]",24
1439,76,11,"[[1435, 7]]","[[1446, 43], [1447, 43]]",24
1440,76,12,"[[1436, 43]]",[],92
1441,76,12,"[[1436, 43]]",[],92
1442,76,12,"[[1437, 43]]",[],92
1443,76,12,"[[1437, 43]]",[],92
1444,76,12,"[[1438, 43]]",[],92
1445,76,12,"[[1438, 43]]",[],92
1446,76,12,"[[1439, 43]]",[],92
1447,76,12,"[[1439, 43]]",[],92
1448,77,10,[],"[[1449, 28]]",27
1449,77,11,"[[1448, 28]]","[[1450, 7], [1451, 7], [1452, 7], [1453, 7], [1454, 7], [1455, 7], [1456, 7], [1457, 7], [1458, 7]]",48
1450,77,12,"[[1449, 7]]",[],23
1451,77,12,"[[1449, 7]]",[],23
1452,77,12,"[[1449, 7]]",[],23
1453,77,12,"[[1449, 7]]",[],23
1454,77,12,"[[1449, 7]]","[[1459, 24]]",23
1455,77,12,"[[1449, 7]]",[],23
1456,77,12,"[[1449, 7]]",[],23
1457,77,12,"[[1449, 7]]",[],23
1458,77,12,"[[1449, 7]]",[],23
1459,77,13,"[[1454, 24]]","[[1460, 17], [1461, 17], [1462, 17], [1463, 17], [1464, 17], [1465, 17], [1466, 17], [1467, 17], [1468, 17]]",38
1460,77,14,"[[1459, 17]]",[],30
1461,77,14,"[[1459, 17]]",[],30
1462,77,14,"[[1459, 17]]",[],30
1463,77,14,"[[1459, 17]]",[],30
1464,77,14,"[[1459, 17]]",[],30
1465,77,14,"[[1459, 17]]",[],30
1466,77,14,"[[1459, 17]]",[],30
1467,77,14,"[[1459, 17]]",[],30
1468,77,14,"[[1459, 17]]",[],30
1469,78,10,[],"[[1470, 9]]",27
1470,78,11,"[[1469, 9]]","[[1471, 26]]",24
1471,78,12,"[[1470, 26]]","[[1472, 24]]",46
1472,78,13,"[[1471, 24]]","[[1473, 25]]",38
1473,78,14,"[[1472, 25]]","[[1474, 22]]",60
1474,78,15,"[[1473, 22]]","[[1475, 13]]",20
1475,78,16,"[[1474, 13]]","[[1476, 5]]",16
1476,78,17,"[[1475, 5]]","[[1477, 1]]",23
1477,78,18,"[[1476, 1]]",[],19
1478,79,29,[],"[[1483, 32], [1482, 32], [1481, 32], [1480, 32]]",21
1479,79,29,[],"[[1487, 32], [1486, 32], [1485, 32], [1484, 32]]",21
1480,79,30,"[[1478, 32]]","[[1488, 14], [1489, 38]]",66
1481,79,30,"[[1478, 32]]","[[1488, 14], [1490, 38]]",66
1482,79,30,"[[1478, 32]]","[[1488, 14], [1491, 38]]",66
1483,79,30,"[[1478, 32]]","[[1488, 14], [1492, 38]]",66
1484,79,30,"[[1479, 32]]","[[1488, 14], [1493, 38]]",66
1485,79,30,"[[1479, 32]]","[[1488, 14], [1494, 38]]",66
1486,79,30,"[[1479, 32]]","[[1488, 14], [1495, 38]]",66
1487,79,30,"[[1479, 32]]","[[1488, 14], [1496, 38]]",66
1488,79,31,"[[1480, 14], [1481, 14], [1482, 14], [1483, 14], [1484, 14], [1485, 14], [1486, 14], [1487, 14]]","[[1497, 26]]",77
1489,79,32,"[[1480, 38]]","[[1497, 26]]",54
1490,79,32,"[[1481, 38]]","[[1497, 26]]",54
1491,79,32,"[[1482, 38]]","[[1497, 26]]",54
1492,79,32,"[[1483, 38]]","[[1497, 26]]",54
1493,79,32,"[[1484, 38]]","[[1497, 26]]",54
1494,79,32,"[[1485, 38]]","[[1497, 26]]",54
1495,79,32,"[[1486, 38]]","[[1497, 26]]",54
1496,79,32,"[[1487, 38]]","[[1497, 26]]",54
1497,79,33,"[[1488, 26], [1489, 26], [1490, 26], [1491, 26], [1492, 26], [1493, 26], [1494, 26], [1495, 26], [1496, 26]]",[],207
